[{"ExtensionData": {}, "ZorgpartijID": 1000043, "Rank": 0, "ZorgpartijType": 3, "AGBCode": null, "Naam": "LAURENTIUS ZIEKENHUIS", "Adres": "Mgr Driessenstraat 6", "Postcode": "6043CV  ", "Plaats": "ROERMOND", "DatumEinde": null, "Zorgsoorten": null, "Kwalificaties": null, "GegevensOpenbaar": 1}, {"ExtensionData": {}, "ZorgpartijID": 1000044, "Rank": 0, "ZorgpartijType": 3, "AGBCode": null, "Naam": "SINT JANS GASTHUIS", "Adres": "Vogelsbleek 5", "Postcode": "6001BE", "Plaats": "WEERT", "DatumEinde": null, "Zorgsoorten": null, "Kwalificaties": null, "GegevensOpenbaar": 1}, {"ExtensionData": {}, "ZorgpartijID": 1000045, "Rank": 0, "ZorgpartijType": 3, "AGBCode": null, "Naam": "VIECURI, MEDISCH CENTRUM VOOR NOORD-LIMBURG", "Adres": "Tegelseweg 210", "Postcode": "5912BL", "Plaats": "VENLO", "DatumEinde": null, "Zorgsoorten": null, "Kwalificaties": null, "GegevensOpenbaar": 1}, {"ExtensionData": {}, "ZorgpartijID": 1000254, "Rank": 0, "ZorgpartijType": 3, "AGBCode": null, "Naam": "STICHTING GEMINI ZIEKENHUIS", "Adres": "Huisduinerweg 3", "Postcode": "1782GZ  ", "Plaats": "DEN HELDER", "DatumEinde": null, "Zorgsoorten": null, "Kwalificaties": null, "GegevensOpenbaar": 1}, {"ExtensionData": {}, "ZorgpartijID": 1000311, "Rank": 0, "ZorgpartijType": 2, "AGBCode": "06011108", "Naam": "LAURENTIUS ZIEKENHUIS", "Adres": "Postbus 920", "Postcode": "6040AX", "Plaats": "ROERMOND", "DatumEinde": null, "Zorgsoorten": null, "Kwalificaties": null, "GegevensOpenbaar": 1}, {"ExtensionData": {}, "ZorgpartijID": 1000312, "Rank": 0, "ZorgpartijType": 2, "AGBCode": "06011113", "Naam": "SINT JANS GASTHUIS", "Adres": "Vogelsbleek 5", "Postcode": "6001BE", "Plaats": "WEERT", "DatumEinde": null, "Zorgsoorten": null, "Kwalificaties": null, "GegevensOpenbaar": 1}, {"ExtensionData": {}, "ZorgpartijID": 1000313, "Rank": 0, "ZorgpartijType": 2, "AGBCode": "06011115", "Naam": "VIECURI, MEDISCH CENTRUM VOOR NOORD-LIMBURG", "Adres": "Postbus 1926", "Postcode": "5900BX", "Plaats": "VENLO", "DatumEinde": null, "Zorgsoorten": null, "Kwalificaties": null, "GegevensOpenbaar": 1}, {"ExtensionData": {}, "ZorgpartijID": 1000522, "Rank": 0, "ZorgpartijType": 2, "AGBCode": "06010728", "Naam": "STICHTING GEMINI ZIEKENHUIS", "Adres": "Postbus 501", "Postcode": "1800AM  ", "Plaats": "ALKMAAR", "DatumEinde": null, "Zorgsoorten": null, "Kwalificaties": null, "GegevensOpenbaar": 1}, {"ExtensionData": {}, "ZorgpartijID": 1000801, "Rank": 0, "ZorgpartijType": 3, "AGBCode": null, "Naam": "SINT ELISABETH ZIEKENHUIS", "Adres": "Hilvarenbeekseweg 60", "Postcode": "5022GC  ", "Plaats": "TILBURG", "DatumEinde": null, "Zorgsoorten": null, "Kwalificaties": null, "GegevensOpenbaar": 1}, {"ExtensionData": {}, "ZorgpartijID": 1000896, "Rank": 0, "ZorgpartijType": 3, "AGBCode": null, "Naam": "STICHTING FLEVOZIEKENHUIS", "Adres": "Hospitaalweg 1", "Postcode": "1315RA  ", "Plaats": "ALMERE", "DatumEinde": null, "Zorgsoorten": null, "Kwalificaties": null, "GegevensOpenbaar": 1}, {"ExtensionData": {}, "ZorgpartijID": 1001069, "Rank": 0, "ZorgpartijType": 2, "AGBCode": "06011022", "Naam": "SINT ELISABETH ZIEKENHUIS", "Adres": "Postbus 90151", "Postcode": "5000LC", "Plaats": "TILBURG", "DatumEinde": null, "Zorgsoorten": null, "Kwalificaties": null, "GegevensOpenbaar": 1}, {"ExtensionData": {}, "ZorgpartijID": 1001164, "Rank": 0, "ZorgpartijType": 2, "AGBCode": "06011202", "Naam": "STICHTING FLEVOZIEKENHUIS", "Adres": "Postbus 3005", "Postcode": "1300EG", "Plaats": "ALMERE", "DatumEinde": null, "Zorgsoorten": null, "Kwalificaties": null, "GegevensOpenbaar": 1}, {"ExtensionData": {}, "ZorgpartijID": 1002114, "Rank": 0, "ZorgpartijType": 3, "AGBCode": null, "Naam": "ORBIS MEDISCH CENTRUM", "Adres": "Dr. H. van der Hoffplein 1", "Postcode": "6162BG  ", "Plaats": "GELEEN", "DatumEinde": null, "Zorgsoorten": null, "Kwalificaties": null, "GegevensOpenbaar": 1}, {"ExtensionData": {}, "ZorgpartijID": 1002138, "Rank": 0, "ZorgpartijType": 3, "AGBCode": null, "Naam": "SINT LUCAS-ANDREAS ZIEKENHUIS", "Adres": "Jan Tooropstraat 164", "Postcode": "1061AE  ", "Plaats": "AMSTERDAM", "DatumEinde": "01-01-2019", "Zorgsoorten": null, "Kwalificaties": null, "GegevensOpenbaar": 1}, {"ExtensionData": {}, "ZorgpartijID": 1002382, "Rank": 0, "ZorgpartijType": 2, "AGBCode": "06011114", "Naam": "ORBIS MEDISCH CENTRUM", "Adres": "Engelenkampstraat 6", "Postcode": "6131JG  ", "Plaats": "SITTARD", "DatumEinde": null, "Zorgsoorten": null, "Kwalificaties": null, "GegevensOpenbaar": 1}, {"ExtensionData": {}, "ZorgpartijID": 1002406, "Rank": 0, "ZorgpartijType": 2, "AGBCode": "06010757", "Naam": "SINT LUCAS-ANDREAS ZIEKENHUIS", "Adres": "Postbus 9243", "Postcode": "1006AE", "Plaats": "AMSTERDAM", "DatumEinde": "01-01-2019", "Zorgsoorten": null, "Kwalificaties": null, "GegevensOpenbaar": 1}, {"ExtensionData": {}, "ZorgpartijID": 1008630, "Rank": 0, "ZorgpartijType": 3, "AGBCode": null, "Naam": "STICHTING TERGOOI", "Adres": "Van Riebeeckweg 212", "Postcode": "1213XZ", "Plaats": "HILVERSUM", "DatumEinde": null, "Zorgsoorten": null, "Kwalificaties": null, "GegevensOpenbaar": 1}, {"ExtensionData": {}, "ZorgpartijID": 1008898, "Rank": 0, "ZorgpartijType": 2, "AGBCode": "06010758", "Naam": "STICHTING TERGOOI", "Adres": "Van Riebeeckweg 212", "Postcode": "1213XZ", "Plaats": "HILVERSUM", "DatumEinde": null, "Zorgsoorten": null, "Kwalificaties": null, "GegevensOpenbaar": 1}, {"ExtensionData": {}, "ZorgpartijID": 1010130, "Rank": 0, "ZorgpartijType": 3, "AGBCode": null, "Naam": "REINIER DE GRAAF GASTHUIS", "Adres": "Reinier de Graafweg 3 11", "Postcode": "2625AD  ", "Plaats": "DELFT", "DatumEinde": null, "Zorgsoorten": null, "Kwalificaties": null, "GegevensOpenbaar": 1}, {"ExtensionData": {}, "ZorgpartijID": 1010638, "Rank": 0, "ZorgpartijType": 2, "AGBCode": "06010857", "Naam": "REINIER DE GRAAF GASTHUIS", "Adres": "Postbus 5011", "Postcode": "2600GA", "Plaats": "DELFT", "DatumEinde": null, "Zorgsoorten": null, "Kwalificaties": null, "GegevensOpenbaar": 1}, {"ExtensionData": {}, "ZorgpartijID": 1011840, "Rank": 0, "ZorgpartijType": 3, "AGBCode": null, "Naam": "MEANDER MEDISCH CENTRUM", "Adres": "Maatweg 3", "Postcode": "3813TZ  ", "Plaats": "AMERSFOORT", "DatumEinde": null, "Zorgsoorten": null, "Kwalificaties": null, "GegevensOpenbaar": 1}, {"ExtensionData": {}, "ZorgpartijID": 1011859, "Rank": 0, "ZorgpartijType": 3, "AGBCode": null, "Naam": "ZUWE HOFPOORT ZIEKENHUIS", "Adres": "Polanerbaan 2", "Postcode": "3447GN  ", "Plaats": "WOERDEN", "DatumEinde": null, "Zorgsoorten": null, "Kwalificaties": null, "GegevensOpenbaar": 1}, {"ExtensionData": {}, "ZorgpartijID": 1011928, "Rank": 0, "ZorgpartijType": 3, "AGBCode": null, "Naam": "STICHTING TWEESTEDEN ZIEKENHUIS", "Adres": "Hilvarenbeekseweg 60", "Postcode": "5022GC  ", "Plaats": "TILBURG", "DatumEinde": null, "Zorgsoorten": null, "Kwalificaties": null, "GegevensOpenbaar": 1}, {"ExtensionData": {}, "ZorgpartijID": 1012108, "Rank": 0, "ZorgpartijType": 2, "AGBCode": "06010619", "Naam": "MEANDER MEDISCH CENTRUM", "Adres": "Postbus 1502", "Postcode": "3800BM", "Plaats": "AMERSFOORT", "DatumEinde": null, "Zorgsoorten": null, "Kwalificaties": null, "GegevensOpenbaar": 1}, {"ExtensionData": {}, "ZorgpartijID": 1012127, "Rank": 0, "ZorgpartijType": 2, "AGBCode": "06010841", "Naam": "ZUWE HOFPOORT ZIEKENHUIS", "Adres": "Polanerbaan 2", "Postcode": "3447GN  ", "Plaats": "WOERDEN", "DatumEinde": null, "Zorgsoorten": null, "Kwalificaties": null, "GegevensOpenbaar": 1}, {"ExtensionData": {}, "ZorgpartijID": 1012196, "Rank": 0, "ZorgpartijType": 2, "AGBCode": "06011031", "Naam": "STICHTING TWEESTEDEN ZIEKENHUIS", "Adres": "Postbus 90107", "Postcode": "5000LA", "Plaats": "TILBURG", "DatumEinde": null, "Zorgsoorten": null, "Kwalificaties": null, "GegevensOpenbaar": 1}, {"ExtensionData": {}, "ZorgpartijID": 1012672, "Rank": 0, "ZorgpartijType": 3, "AGBCode": null, "Naam": "ELKERLIEK ZIEKENHUIS", "Adres": "Wesselmanlaan 25", "Postcode": "5707HA  ", "Plaats": "HELMOND", "DatumEinde": null, "Zorgsoorten": null, "Kwalificaties": null, "GegevensOpenbaar": 1}, {"ExtensionData": {}, "ZorgpartijID": 1012674, "Rank": 0, "ZorgpartijType": 3, "AGBCode": null, "Naam": "R\u00d6PCKE-ZWEERS ZIEKENHUIS", "Adres": "Jan Weitkamplaan 4 A", "Postcode": "7772SE  ", "Plaats": "HARDENBERG", "DatumEinde": null, "Zorgsoorten": null, "Kwalificaties": null, "GegevensOpenbaar": 1}, {"ExtensionData": {}, "ZorgpartijID": 1012675, "Rank": 0, "ZorgpartijType": 3, "AGBCode": null, "Naam": "MARTINI ZIEKENHUIS", "Adres": "Van Swietenplein 1", "Postcode": "9728NT", "Plaats": "GRONINGEN", "DatumEinde": null, "Zorgsoorten": null, "Kwalificaties": null, "GegevensOpenbaar": 1}, {"ExtensionData": {}, "ZorgpartijID": 1012676, "Rank": 0, "ZorgpartijType": 3, "AGBCode": null, "Naam": "STICHTING ZORGGROEP PASANA", "Adres": "Birdaarderstraatweg 70", "Postcode": "9101DC  ", "Plaats": "DOKKUM", "DatumEinde": null, "Zorgsoorten": null, "Kwalificaties": null, "GegevensOpenbaar": 1}, {"ExtensionData": {}, "ZorgpartijID": 1012677, "Rank": 0, "ZorgpartijType": 3, "AGBCode": null, "Naam": "ZIEKENHUIS NIJ SMELLINGHE", "Adres": "Compagnonsplein 1", "Postcode": "9202NN  ", "Plaats": "DRACHTEN", "DatumEinde": null, "Zorgsoorten": null, "Kwalificaties": null, "GegevensOpenbaar": 1}, {"ExtensionData": {}, "ZorgpartijID": 1012696, "Rank": 0, "ZorgpartijType": 3, "AGBCode": null, "Naam": "STICHTING CHRISTELIJK ZIEKENHUIS REFAJA", "Adres": "Postbus 109", "Postcode": "9500AC", "Plaats": "STADSKANAAL", "DatumEinde": "02-01-2015", "Zorgsoorten": null, "Kwalificaties": null, "GegevensOpenbaar": 1}, {"ExtensionData": {}, "ZorgpartijID": 1012697, "Rank": 0, "ZorgpartijType": 3, "AGBCode": null, "Naam": "Stichting Rivas Zorggroep", "Adres": "Banneweg 57", "Postcode": "4204AA", "Plaats": "GORINCHEM", "DatumEinde": null, "Zorgsoorten": null, "Kwalificaties": null, "GegevensOpenbaar": 1}, {"ExtensionData": {}, "ZorgpartijID": 1012940, "Rank": 0, "ZorgpartijType": 2, "AGBCode": "06011026", "Naam": "ELKERLIEK ZIEKENHUIS", "Adres": "Postbus 98", "Postcode": "5700AB", "Plaats": "HELMOND", "DatumEinde": null, "Zorgsoorten": null, "Kwalificaties": null, "GegevensOpenbaar": 1}, {"ExtensionData": {}, "ZorgpartijID": 1012941, "Rank": 0, "ZorgpartijType": 2, "AGBCode": "06010417", "Naam": "STICHTING DEVENTER ZIEKENHUIS", "Adres": "Postbus 5001", "Postcode": "7400GC", "Plaats": "DEVENTER", "DatumEinde": null, "Zorgsoorten": null, "Kwalificaties": null, "GegevensOpenbaar": 1}, {"ExtensionData": {}, "ZorgpartijID": 1012942, "Rank": 0, "ZorgpartijType": 2, "AGBCode": "06010418", "Naam": "R\u00d6PCKE-ZWEERS ZIEKENHUIS", "Adres": "Postbus 1", "Postcode": "7770AA", "Plaats": "HARDENBERG", "DatumEinde": null, "Zorgsoorten": null, "Kwalificaties": null, "GegevensOpenbaar": 1}, {"ExtensionData": {}, "ZorgpartijID": 1012943, "Rank": 0, "ZorgpartijType": 2, "AGBCode": "06010107", "Naam": "MARTINI ZIEKENHUIS", "Adres": "Postbus 30033", "Postcode": "9700RM", "Plaats": "GRONINGEN", "DatumEinde": null, "Zorgsoorten": null, "Kwalificaties": null, "GegevensOpenbaar": 1}, {"ExtensionData": {}, "ZorgpartijID": 1012944, "Rank": 0, "ZorgpartijType": 2, "AGBCode": "06010201", "Naam": "STICHTING ZORGGROEP PASANA", "Adres": "Postbus 39", "Postcode": "9100AA  ", "Plaats": "DOKKUM", "DatumEinde": null, "Zorgsoorten": null, "Kwalificaties": null, "GegevensOpenbaar": 1}, {"ExtensionData": {}, "ZorgpartijID": 1012945, "Rank": 0, "ZorgpartijType": 2, "AGBCode": "06010202", "Naam": "ZIEKENHUIS NIJ SMELLINGHE", "Adres": "Postbus 20200", "Postcode": "9200DA", "Plaats": "DRACHTEN", "DatumEinde": null, "Zorgsoorten": null, "Kwalificaties": null, "GegevensOpenbaar": 1}, {"ExtensionData": {}, "ZorgpartijID": 1012964, "Rank": 0, "ZorgpartijType": 2, "AGBCode": "06010105", "Naam": "STICHTING CHRISTELIJK ZIEKENHUIS REFAJA", "Adres": "Postbus 109", "Postcode": "9500AC", "Plaats": "STADSKANAAL", "DatumEinde": "02-01-2015", "Zorgsoorten": null, "Kwalificaties": null, "GegevensOpenbaar": 1}, {"ExtensionData": {}, "ZorgpartijID": 1012965, "Rank": 0, "ZorgpartijType": 2, "AGBCode": "06010848", "Naam": "Rivas Zorggroep- Beatrixziekenhuis", "Adres": "Banneweg 57", "Postcode": "4204AA  ", "Plaats": "GORINCHEM", "DatumEinde": null, "Zorgsoorten": null, "Kwalificaties": null, "GegevensOpenbaar": 1}, {"ExtensionData": {}, "ZorgpartijID": 1012989, "Rank": 0, "ZorgpartijType": 3, "AGBCode": null, "Naam": "RIJNLAND ZIEKENHUIS", "Adres": "Simon Smitweg 1", "Postcode": "2353GA  ", "Plaats": "LEIDERDORP", "DatumEinde": null, "Zorgsoorten": null, "Kwalificaties": null, "GegevensOpenbaar": 1}, {"ExtensionData": {}, "ZorgpartijID": 1012990, "Rank": 0, "ZorgpartijType": 3, "AGBCode": null, "Naam": "GROENE HART ZIEKENHUIS", "Adres": "Bleulandweg 10", "Postcode": "2803HH", "Plaats": "GOUDA", "DatumEinde": null, "Zorgsoorten": null, "Kwalificaties": null, "GegevensOpenbaar": 1}, {"ExtensionData": {}, "ZorgpartijID": 1012996, "Rank": 0, "ZorgpartijType": 3, "AGBCode": null, "Naam": "VLIETLAND ZIEKENHUIS", "Adres": "Vlietlandplein 2", "Postcode": "3118JH  ", "Plaats": "SCHIEDAM", "DatumEinde": "31-12-2017", "Zorgsoorten": null, "Kwalificaties": null, "GegevensOpenbaar": 1}, {"ExtensionData": {}, "ZorgpartijID": 1013002, "Rank": 0, "ZorgpartijType": 3, "AGBCode": null, "Naam": "CANISIUS-WILHELMINA ZIEKENHUIS", "Adres": "Weg door Jonkerbos 100", "Postcode": "6532SZ", "Plaats": "NIJMEGEN", "DatumEinde": null, "Zorgsoorten": null, "Kwalificaties": null, "GegevensOpenbaar": 1}, {"ExtensionData": {}, "ZorgpartijID": 1013003, "Rank": 0, "ZorgpartijType": 3, "AGBCode": null, "Naam": "STICHTING WATERLANDZIEKENHUIS", "Adres": "Waterlandlaan 250", "Postcode": "1441RN  ", "Plaats": "PURMEREND", "DatumEinde": "11-10-2017", "Zorgsoorten": null, "Kwalificaties": null, "GegevensOpenbaar": 1}, {"ExtensionData": {}, "ZorgpartijID": 1013004, "Rank": 0, "ZorgpartijType": 3, "AGBCode": null, "Naam": "Stichting Dijklander Ziekenhuis", "Adres": "Maelsonstraat 3", "Postcode": "1624NP", "Plaats": "HOORN NH", "DatumEinde": null, "Zorgsoorten": null, "Kwalificaties": null, "GegevensOpenbaar": 1}, {"ExtensionData": {}, "ZorgpartijID": 1013005, "Rank": 0, "ZorgpartijType": 3, "AGBCode": null, "Naam": "STICHTING BOVENIJ ZIEKENHUIS", "Adres": "Statenjachtstraat 1", "Postcode": "1034CS", "Plaats": "AMSTERDAM", "DatumEinde": null, "Zorgsoorten": null, "Kwalificaties": null, "GegevensOpenbaar": 1}, {"ExtensionData": {}, "ZorgpartijID": 1013010, "Rank": 0, "ZorgpartijType": 3, "AGBCode": null, "Naam": "ALBERT SCHWEITZER ZIEKENHUIS", "Adres": "Albert Schweitzerplaats 25", "Postcode": "3318AT  ", "Plaats": "DORDRECHT", "DatumEinde": null, "Zorgsoorten": null, "Kwalificaties": null, "GegevensOpenbaar": 1}, {"ExtensionData": {}, "ZorgpartijID": 1013011, "Rank": 0, "ZorgpartijType": 3, "AGBCode": null, "Naam": "STICHTING ZIEKENHUIS VELP", "Adres": "President Kennedylaan 100", "Postcode": "6883AZ  ", "Plaats": "VELP GLD", "DatumEinde": null, "Zorgsoorten": null, "Kwalificaties": null, "GegevensOpenbaar": 1}, {"ExtensionData": {}, "ZorgpartijID": 1013020, "Rank": 0, "ZorgpartijType": 3, "AGBCode": null, "Naam": "Bernhoven B.V.", "Adres": "Nistelrodeseweg 10", "Postcode": "5406PT  ", "Plaats": "UDEN", "DatumEinde": null, "Zorgsoorten": null, "Kwalificaties": null, "GegevensOpenbaar": 1}, {"ExtensionData": {}, "ZorgpartijID": 1013021, "Rank": 0, "ZorgpartijType": 3, "AGBCode": null, "Naam": "ATRIUM MEDISCH CENTRUM HEERLEN", "Adres": "Henri Dunantstraat 5", "Postcode": "6419PC  ", "Plaats": "HEERLEN", "DatumEinde": null, "Zorgsoorten": null, "Kwalificaties": null, "GegevensOpenbaar": 1}, {"ExtensionData": {}, "ZorgpartijID": 1013024, "Rank": 0, "ZorgpartijType": 3, "AGBCode": null, "Naam": "ZIEKENHUIS ST. JANSDAL", "Adres": "Wethouder Jansenlaan 90", "Postcode": "3844DG  ", "Plaats": "HARDERWIJK", "DatumEinde": null, "Zorgsoorten": null, "Kwalificaties": null, "GegevensOpenbaar": 1}, {"ExtensionData": {}, "ZorgpartijID": 1013025, "Rank": 0, "ZorgpartijType": 3, "AGBCode": null, "Naam": "Ziekenhuis Gelderse Vallei", "Adres": "Willy Brandtlaan 10", "Postcode": "6716RP  ", "Plaats": "EDE GLD", "DatumEinde": null, "Zorgsoorten": null, "Kwalificaties": null, "GegevensOpenbaar": 1}, {"ExtensionData": {}, "ZorgpartijID": 1013028, "Rank": 0, "ZorgpartijType": 3, "AGBCode": null, "Naam": "ZAANS MEDISCH CENTRUM", "Adres": "Koningin Julianaplein 58", "Postcode": "1502DV  ", "Plaats": "ZAANDAM", "DatumEinde": null, "Zorgsoorten": null, "Kwalificaties": null, "GegevensOpenbaar": 1}, {"ExtensionData": {}, "ZorgpartijID": 1013029, "Rank": 0, "ZorgpartijType": 3, "AGBCode": null, "Naam": "ZIEKENHUIS AMSTELLAND", "Adres": "Laan vd Helende Meesters 8", "Postcode": "1186AM", "Plaats": "AMSTELVEEN", "DatumEinde": null, "Zorgsoorten": null, "Kwalificaties": null, "GegevensOpenbaar": 1}, {"ExtensionData": {}, "ZorgpartijID": 1013030, "Rank": 0, "ZorgpartijType": 3, "AGBCode": null, "Naam": "Stichting OLVG", "Adres": "Oosterpark 9", "Postcode": "1091AC", "Plaats": "AMSTERDAM", "DatumEinde": null, "Zorgsoorten": null, "Kwalificaties": null, "GegevensOpenbaar": 1}, {"ExtensionData": {}, "ZorgpartijID": 1013031, "Rank": 0, "ZorgpartijType": 3, "AGBCode": null, "Naam": "Stichting LangeLand Ziekenhuis", "Adres": "Toneellaan 1", "Postcode": "2725NA", "Plaats": "ZOETERMEER", "DatumEinde": null, "Zorgsoorten": null, "Kwalificaties": null, "GegevensOpenbaar": 1}, {"ExtensionData": {}, "ZorgpartijID": 1013032, "Rank": 0, "ZorgpartijType": 3, "AGBCode": null, "Naam": "STICHTING RUWAARD VAN PUTTENZIEKENHUIS", "Adres": "Postbus 777", "Postcode": "3200GA", "Plaats": "SPIJKENISSE", "DatumEinde": "24-06-2013", "Zorgsoorten": null, "Kwalificaties": null, "GegevensOpenbaar": 1}, {"ExtensionData": {}, "ZorgpartijID": 1013033, "Rank": 0, "ZorgpartijType": 3, "AGBCode": null, "Naam": "IJSSELLAND ZIEKENHUIS", "Adres": "Prins Constantijnweg 2", "Postcode": "2906ZC", "Plaats": "CAPELLE AAN DEN IJSSEL", "DatumEinde": null, "Zorgsoorten": null, "Kwalificaties": null, "GegevensOpenbaar": 1}, {"ExtensionData": {}, "ZorgpartijID": 1013257, "Rank": 0, "ZorgpartijType": 2, "AGBCode": "06010853", "Naam": "RIJNLAND ZIEKENHUIS", "Adres": "Postbus 4220", "Postcode": "2350CC", "Plaats": "LEIDERDORP", "DatumEinde": null, "Zorgsoorten": null, "Kwalificaties": null, "GegevensOpenbaar": 1}, {"ExtensionData": {}, "ZorgpartijID": 1013258, "Rank": 0, "ZorgpartijType": 2, "AGBCode": "06010855", "Naam": "GROENE HART ZIEKENHUIS", "Adres": "Postbus 1098", "Postcode": "2800BB", "Plaats": "GOUDA", "DatumEinde": null, "Zorgsoorten": null, "Kwalificaties": null, "GegevensOpenbaar": 1}, {"ExtensionData": {}, "ZorgpartijID": 1013264, "Rank": 0, "ZorgpartijType": 2, "AGBCode": "06010860", "Naam": "VLIETLAND ZIEKENHUIS", "Adres": "Vlietlandplein 2", "Postcode": "3118JH  ", "Plaats": "SCHIEDAM", "DatumEinde": "31-12-2017", "Zorgsoorten": null, "Kwalificaties": null, "GegevensOpenbaar": 1}, {"ExtensionData": {}, "ZorgpartijID": 1013270, "Rank": 0, "ZorgpartijType": 2, "AGBCode": "06010518", "Naam": "CANISIUS-WILHELMINA ZIEKENHUIS", "Adres": "", "Postcode": "", "Plaats": "NIJMEGEN", "DatumEinde": null, "Zorgsoorten": null, "Kwalificaties": null, "GegevensOpenbaar": 2}, {"ExtensionData": {}, "ZorgpartijID": 1013271, "Rank": 0, "ZorgpartijType": 2, "AGBCode": "06010751", "Naam": "STICHTING WATERLANDZIEKENHUIS", "Adres": "Postbus 250", "Postcode": "1440AG", "Plaats": "PURMEREND", "DatumEinde": "11-10-2017", "Zorgsoorten": null, "Kwalificaties": null, "GegevensOpenbaar": 1}, {"ExtensionData": {}, "ZorgpartijID": 1013272, "Rank": 0, "ZorgpartijType": 2, "AGBCode": "06010752", "Naam": "Stichting Dijklander Ziekenhuis", "Adres": "Postbus 600", "Postcode": "1620AR", "Plaats": "HOORN NH", "DatumEinde": null, "Zorgsoorten": null, "Kwalificaties": null, "GegevensOpenbaar": 1}, {"ExtensionData": {}, "ZorgpartijID": 1013273, "Rank": 0, "ZorgpartijType": 2, "AGBCode": "06010753", "Naam": "STICHTING BOVENIJ ZIEKENHUIS", "Adres": "Postbus 37610", "Postcode": "1030BD", "Plaats": "AMSTERDAM", "DatumEinde": null, "Zorgsoorten": null, "Kwalificaties": null, "GegevensOpenbaar": 1}, {"ExtensionData": {}, "ZorgpartijID": 1013278, "Rank": 0, "ZorgpartijType": 2, "AGBCode": "06010859", "Naam": "ALBERT SCHWEITZER ZIEKENHUIS", "Adres": "Postbus 444", "Postcode": "3300AK", "Plaats": "DORDRECHT", "DatumEinde": null, "Zorgsoorten": null, "Kwalificaties": null, "GegevensOpenbaar": 1}, {"ExtensionData": {}, "ZorgpartijID": 1013279, "Rank": 0, "ZorgpartijType": 2, "AGBCode": "06010522", "Naam": "STICHTING ZIEKENHUIS VELP", "Adres": "Postbus 9555", "Postcode": "6800TA", "Plaats": "ARNHEM", "DatumEinde": null, "Zorgsoorten": null, "Kwalificaties": null, "GegevensOpenbaar": 1}, {"ExtensionData": {}, "ZorgpartijID": 1013288, "Rank": 0, "ZorgpartijType": 2, "AGBCode": "06011032", "Naam": "Bernhoven B.V.", "Adres": "Nistelrodeseweg 10", "Postcode": "5406PT  ", "Plaats": "UDEN", "DatumEinde": null, "Zorgsoorten": null, "Kwalificaties": null, "GegevensOpenbaar": 1}, {"ExtensionData": {}, "ZorgpartijID": 1013289, "Rank": 0, "ZorgpartijType": 2, "AGBCode": "06011117", "Naam": "ATRIUM MEDISCH CENTRUM HEERLEN", "Adres": "Henri Dunantstraat 5", "Postcode": "6419PC  ", "Plaats": "HEERLEN", "DatumEinde": null, "Zorgsoorten": null, "Kwalificaties": null, "GegevensOpenbaar": 1}, {"ExtensionData": {}, "ZorgpartijID": 1013292, "Rank": 0, "ZorgpartijType": 2, "AGBCode": "06010533", "Naam": "ZIEKENHUIS ST. JANSDAL", "Adres": "Postbus 138", "Postcode": "3840AC", "Plaats": "HARDERWIJK", "DatumEinde": null, "Zorgsoorten": null, "Kwalificaties": null, "GegevensOpenbaar": 1}, {"ExtensionData": {}, "ZorgpartijID": 1013293, "Rank": 0, "ZorgpartijType": 2, "AGBCode": "06010534", "Naam": "Ziekenhuis Gelderse Vallei", "Adres": "Postbus 9025", "Postcode": "6710HN", "Plaats": "EDE GLD", "DatumEinde": null, "Zorgsoorten": null, "Kwalificaties": null, "GegevensOpenbaar": 1}, {"ExtensionData": {}, "ZorgpartijID": 1013294, "Rank": 0, "ZorgpartijType": 2, "AGBCode": "06010535", "Naam": "STICHTING ZIEKENHUIS RIJNSTATE/VELP", "Adres": "Postbus 9555", "Postcode": "6800TA", "Plaats": "ARNHEM", "DatumEinde": null, "Zorgsoorten": null, "Kwalificaties": null, "GegevensOpenbaar": 1}, {"ExtensionData": {}, "ZorgpartijID": 1013296, "Rank": 0, "ZorgpartijType": 2, "AGBCode": "06010742", "Naam": "ZAANS MEDISCH CENTRUM", "Adres": "Postbus 210", "Postcode": "1500EE", "Plaats": "ZAANDAM", "DatumEinde": null, "Zorgsoorten": null, "Kwalificaties": null, "GegevensOpenbaar": 1}, {"ExtensionData": {}, "ZorgpartijID": 1013297, "Rank": 0, "ZorgpartijType": 2, "AGBCode": "06010704", "Naam": "ZIEKENHUIS AMSTELLAND", "Adres": "Postbus 328", "Postcode": "1180AH", "Plaats": "AMSTELVEEN", "DatumEinde": null, "Zorgsoorten": null, "Kwalificaties": null, "GegevensOpenbaar": 1}, {"ExtensionData": {}, "ZorgpartijID": 1013298, "Rank": 0, "ZorgpartijType": 2, "AGBCode": "06010713", "Naam": "Stichting OLVG", "Adres": "Oosterpark 9", "Postcode": "1091AC", "Plaats": "AMSTERDAM", "DatumEinde": null, "Zorgsoorten": null, "Kwalificaties": null, "GegevensOpenbaar": 1}, {"ExtensionData": {}, "ZorgpartijID": 1013299, "Rank": 0, "ZorgpartijType": 2, "AGBCode": "06010850", "Naam": "Stichting LangeLand Ziekenhuis", "Adres": "Postbus 3015", "Postcode": "2700KJ", "Plaats": "ZOETERMEER", "DatumEinde": null, "Zorgsoorten": null, "Kwalificaties": null, "GegevensOpenbaar": 1}, {"ExtensionData": {}, "ZorgpartijID": 1013300, "Rank": 0, "ZorgpartijType": 2, "AGBCode": "06010851", "Naam": "STICHTING RUWAARD VAN PUTTENZIEKENHUIS", "Adres": "Postbus 777", "Postcode": "3200GA", "Plaats": "SPIJKENISSE", "DatumEinde": "24-06-2013", "Zorgsoorten": null, "Kwalificaties": null, "GegevensOpenbaar": 1}, {"ExtensionData": {}, "ZorgpartijID": 1013301, "Rank": 0, "ZorgpartijType": 2, "AGBCode": "06010852", "Naam": "IJSSELLAND ZIEKENHUIS", "Adres": "Prins Constantijnweg 2", "Postcode": "2906ZC", "Plaats": "CAPELLE AAN DEN IJSSEL", "DatumEinde": null, "Zorgsoorten": null, "Kwalificaties": null, "GegevensOpenbaar": 1}, {"ExtensionData": {}, "ZorgpartijID": 1013808, "Rank": 0, "ZorgpartijType": 3, "AGBCode": null, "Naam": "STICHTING ZIEKENHUISGROEP TWENTE", "Adres": "Zilvermeeuw 1", "Postcode": "7609PP", "Plaats": "ALMELO", "DatumEinde": null, "Zorgsoorten": null, "Kwalificaties": null, "GegevensOpenbaar": 1}, {"ExtensionData": {}, "ZorgpartijID": 1013963, "Rank": 0, "ZorgpartijType": 3, "AGBCode": null, "Naam": "JEROEN BOSCH ZIEKENHUIS", "Adres": "Henri Dunantstraat 1", "Postcode": "5223GZ", "Plaats": "'S-HERTOGENBOSCH", "DatumEinde": null, "Zorgsoorten": null, "Kwalificaties": null, "GegevensOpenbaar": 1}, {"ExtensionData": {}, "ZorgpartijID": 1014076, "Rank": 0, "ZorgpartijType": 2, "AGBCode": "06010421", "Naam": "STICHTING ZIEKENHUISGROEP TWENTE", "Adres": "Postbus 7600", "Postcode": "7600SZ", "Plaats": "ALMELO", "DatumEinde": null, "Zorgsoorten": null, "Kwalificaties": null, "GegevensOpenbaar": 1}, {"ExtensionData": {}, "ZorgpartijID": 1014231, "Rank": 0, "ZorgpartijType": 2, "AGBCode": "06011034", "Naam": "STICHTING JEROEN BOSCH ZIEKENHUIS", "Adres": "Henri Dunantstraat 1", "Postcode": "5223GZ", "Plaats": "'S-HERTOGENBOSCH", "DatumEinde": null, "Zorgsoorten": null, "Kwalificaties": null, "GegevensOpenbaar": 1}, {"ExtensionData": {}, "ZorgpartijID": 1014627, "Rank": 0, "ZorgpartijType": 3, "AGBCode": null, "Naam": "ST. ANTONIUS ZIEKENHUIS", "Adres": "Koekoekslaan 1", "Postcode": "3435CM", "Plaats": "NIEUWEGEIN", "DatumEinde": null, "Zorgsoorten": null, "Kwalificaties": null, "GegevensOpenbaar": 1}, {"ExtensionData": {}, "ZorgpartijID": 1014726, "Rank": 0, "ZorgpartijType": 3, "AGBCode": null, "Naam": "ZIEKENHUIS ZEVENAAR", "Adres": "Hunneveldweg 14 A", "Postcode": "6903ZN  ", "Plaats": "ZEVENAAR", "DatumEinde": null, "Zorgsoorten": null, "Kwalificaties": null, "GegevensOpenbaar": 1}, {"ExtensionData": {}, "ZorgpartijID": 1014727, "Rank": 0, "ZorgpartijType": 3, "AGBCode": null, "Naam": "Admiraal De Ruyter Ziekenhuis B.V.", "Adres": "Koudekerkseweg 88", "Postcode": "4382EE", "Plaats": "VLISSINGEN", "DatumEinde": null, "Zorgsoorten": null, "Kwalificaties": null, "GegevensOpenbaar": 1}, {"ExtensionData": {}, "ZorgpartijID": 1014728, "Rank": 0, "ZorgpartijType": 3, "AGBCode": null, "Naam": "ZORGSAAM ZEEUWS VLAANDEREN", "Adres": "Wielingenlaan 2", "Postcode": "4535PA", "Plaats": "TERNEUZEN", "DatumEinde": null, "Zorgsoorten": null, "Kwalificaties": null, "GegevensOpenbaar": 1}, {"ExtensionData": {}, "ZorgpartijID": 1014729, "Rank": 0, "ZorgpartijType": 3, "AGBCode": null, "Naam": "ZIEKENHUIS LIEVENSBERG", "Adres": "Boerhaaveplein 1", "Postcode": "4624VT", "Plaats": "BERGEN OP ZOOM", "DatumEinde": "02-01-2019", "Zorgsoorten": null, "Kwalificaties": null, "GegevensOpenbaar": 1}, {"ExtensionData": {}, "ZorgpartijID": 1014730, "Rank": 0, "ZorgpartijType": 3, "AGBCode": null, "Naam": "Maasziekenhuis Pantein B.V.", "Adres": "Dokter Kopstraat 1", "Postcode": "5835DV  ", "Plaats": "BEUGEN", "DatumEinde": null, "Zorgsoorten": null, "Kwalificaties": null, "GegevensOpenbaar": 1}, {"ExtensionData": {}, "ZorgpartijID": 1014731, "Rank": 0, "ZorgpartijType": 3, "AGBCode": null, "Naam": "CATHARINA-ZIEKENHUIS", "Adres": "Michelangelolaan 2", "Postcode": "5623EJ", "Plaats": "EINDHOVEN", "DatumEinde": null, "Zorgsoorten": null, "Kwalificaties": null, "GegevensOpenbaar": 1}, {"ExtensionData": {}, "ZorgpartijID": 1014732, "Rank": 0, "ZorgpartijType": 3, "AGBCode": null, "Naam": "SINT ANNAZIEKENHUIS", "Adres": "Bogardeind 2", "Postcode": "5664EH  ", "Plaats": "GELDROP", "DatumEinde": null, "Zorgsoorten": null, "Kwalificaties": null, "GegevensOpenbaar": 1}, {"ExtensionData": {}, "ZorgpartijID": 1014733, "Rank": 0, "ZorgpartijType": 3, "AGBCode": null, "Naam": "FRANCISCUS ZIEKENHUIS", "Adres": "Boerhaavelaan 25", "Postcode": "4708AE  ", "Plaats": "ROOSENDAAL", "DatumEinde": "10-12-2018", "Zorgsoorten": null, "Kwalificaties": null, "GegevensOpenbaar": 1}, {"ExtensionData": {}, "ZorgpartijID": 1014736, "Rank": 0, "ZorgpartijType": 3, "AGBCode": null, "Naam": "CIRO+ B.V.", "Adres": "Hornerheide 1", "Postcode": "6085NM", "Plaats": "HORN", "DatumEinde": null, "Zorgsoorten": null, "Kwalificaties": null, "GegevensOpenbaar": 1}, {"ExtensionData": {}, "ZorgpartijID": 1014737, "Rank": 0, "ZorgpartijType": 3, "AGBCode": null, "Naam": "MC Slotervaart", "Adres": "Louwesweg 6", "Postcode": "1066EC", "Plaats": "AMSTERDAM", "DatumEinde": "01-02-2019", "Zorgsoorten": null, "Kwalificaties": null, "GegevensOpenbaar": 1}, {"ExtensionData": {}, "ZorgpartijID": 1014738, "Rank": 0, "ZorgpartijType": 3, "AGBCode": null, "Naam": "MEDISCH SPECTRUM TWENTE", "Adres": "Koningsplein 1", "Postcode": "7512KZ  ", "Plaats": "ENSCHEDE", "DatumEinde": null, "Zorgsoorten": null, "Kwalificaties": null, "GegevensOpenbaar": 1}, {"ExtensionData": {}, "ZorgpartijID": 1014739, "Rank": 0, "ZorgpartijType": 3, "AGBCode": null, "Naam": "SLINGELANDZIEKENHUIS", "Adres": "Kruisbergseweg 25", "Postcode": "7009BL  ", "Plaats": "DOETINCHEM", "DatumEinde": null, "Zorgsoorten": null, "Kwalificaties": null, "GegevensOpenbaar": 1}, {"ExtensionData": {}, "ZorgpartijID": 1014740, "Rank": 0, "ZorgpartijType": 3, "AGBCode": null, "Naam": "ALGEMEEN ZIEKENHUIS DE TJONGERSCHANS", "Adres": "Thialfweg 44", "Postcode": "8441PW", "Plaats": "HEERENVEEN", "DatumEinde": null, "Zorgsoorten": null, "Kwalificaties": null, "GegevensOpenbaar": 1}, {"ExtensionData": {}, "ZorgpartijID": 1014741, "Rank": 0, "ZorgpartijType": 3, "AGBCode": null, "Naam": "ANTONIUS ZIEKENHUIS", "Adres": "Bolswarderbaan 1", "Postcode": "8601ZK", "Plaats": "SNEEK", "DatumEinde": null, "Zorgsoorten": null, "Kwalificaties": null, "GegevensOpenbaar": 1}, {"ExtensionData": {}, "ZorgpartijID": 1014742, "Rank": 0, "ZorgpartijType": 3, "AGBCode": null, "Naam": "MEDISCH CENTRUM LEEUWARDEN", "Adres": "Henri Dunantweg 2", "Postcode": "8934AD", "Plaats": "LEEUWARDEN", "DatumEinde": null, "Zorgsoorten": null, "Kwalificaties": null, "GegevensOpenbaar": 1}, {"ExtensionData": {}, "ZorgpartijID": 1014743, "Rank": 0, "ZorgpartijType": 3, "AGBCode": null, "Naam": "WILHELMINA ZIEKENHUIS", "Adres": "Europaweg-Zuid 1", "Postcode": "9401RK  ", "Plaats": "ASSEN", "DatumEinde": null, "Zorgsoorten": null, "Kwalificaties": null, "GegevensOpenbaar": 1}, {"ExtensionData": {}, "ZorgpartijID": 1014744, "Rank": 0, "ZorgpartijType": 3, "AGBCode": null, "Naam": "SCHEPER ZIEKENHUIS", "Adres": "Boermarkeweg 60", "Postcode": "7824AA", "Plaats": "EMMEN", "DatumEinde": "01-03-2012", "Zorgsoorten": null, "Kwalificaties": null, "GegevensOpenbaar": 1}, {"ExtensionData": {}, "ZorgpartijID": 1014745, "Rank": 0, "ZorgpartijType": 3, "AGBCode": null, "Naam": "Stichting Treant Ziekenhuiszorg", "Adres": "Dr G H Amshoffweg 1", "Postcode": "7909AA", "Plaats": "HOOGEVEEN", "DatumEinde": null, "Zorgsoorten": null, "Kwalificaties": null, "GegevensOpenbaar": 1}, {"ExtensionData": {}, "ZorgpartijID": 1014746, "Rank": 0, "ZorgpartijType": 3, "AGBCode": null, "Naam": "ISALA DIACONESSENHUIS", "Adres": "Hoogeveenseweg 38", "Postcode": "7943KA  ", "Plaats": "MEPPEL", "DatumEinde": "22-08-2017", "Zorgsoorten": null, "Kwalificaties": null, "GegevensOpenbaar": 1}, {"ExtensionData": {}, "ZorgpartijID": 1014747, "Rank": 0, "ZorgpartijType": 3, "AGBCode": null, "Naam": "ZIEKENHUIS RIVIERENLAND", "Adres": "President Kennedylaan 1", "Postcode": "4002WP  ", "Plaats": "TIEL", "DatumEinde": null, "Zorgsoorten": null, "Kwalificaties": null, "GegevensOpenbaar": 1}, {"ExtensionData": {}, "ZorgpartijID": 1014748, "Rank": 0, "ZorgpartijType": 3, "AGBCode": null, "Naam": "Stichting Spaarne Gasthuis", "Adres": "Spaarnepoort 1", "Postcode": "2134TM  ", "Plaats": "HOOFDDORP", "DatumEinde": null, "Zorgsoorten": null, "Kwalificaties": null, "GegevensOpenbaar": 1}, {"ExtensionData": {}, "ZorgpartijID": 1014749, "Rank": 0, "ZorgpartijType": 3, "AGBCode": null, "Naam": "RODE KRUIS ZIEKENHUIS", "Adres": "Vondellaan 13", "Postcode": "1942LE", "Plaats": "BEVERWIJK", "DatumEinde": null, "Zorgsoorten": null, "Kwalificaties": null, "GegevensOpenbaar": 1}, {"ExtensionData": {}, "ZorgpartijID": 1014750, "Rank": 0, "ZorgpartijType": 3, "AGBCode": null, "Naam": "KENNEMER GASTHUIS LOCATIE E G", "Adres": "Boerhaavelaan 22", "Postcode": "2035RC  ", "Plaats": "HAARLEM", "DatumEinde": null, "Zorgsoorten": null, "Kwalificaties": null, "GegevensOpenbaar": 1}, {"ExtensionData": {}, "ZorgpartijID": 1014751, "Rank": 0, "ZorgpartijType": 3, "AGBCode": null, "Naam": "HET VAN WEEL-BETHESDA ZIEKENHUIS", "Adres": "Stationsweg 22", "Postcode": "3247BW", "Plaats": "DIRKSLAND", "DatumEinde": null, "Zorgsoorten": null, "Kwalificaties": null, "GegevensOpenbaar": 1}, {"ExtensionData": {}, "ZorgpartijID": 1014752, "Rank": 0, "ZorgpartijType": 3, "AGBCode": null, "Naam": "HET DIACONESSENHUIS", "Adres": "Houtlaan 55", "Postcode": "2334CK  ", "Plaats": "LEIDEN", "DatumEinde": null, "Zorgsoorten": null, "Kwalificaties": null, "GegevensOpenbaar": 1}, {"ExtensionData": {}, "ZorgpartijID": 1014753, "Rank": 0, "ZorgpartijType": 3, "AGBCode": null, "Naam": "HAVENZIEKENHUIS EN INSTITUUT VOOR TROPISCHE ZIEKTEN B.V.", "Adres": "Haringvliet 2", "Postcode": "3011TD", "Plaats": "ROTTERDAM", "DatumEinde": "01-01-2018", "Zorgsoorten": null, "Kwalificaties": null, "GegevensOpenbaar": 1}, {"ExtensionData": {}, "ZorgpartijID": 1014754, "Rank": 0, "ZorgpartijType": 3, "AGBCode": null, "Naam": "STICHTING PROTESTANTS CHRISTELIJK ZIEKENHUIS IKAZIA", "Adres": "Montessoriweg 1", "Postcode": "3083AN", "Plaats": "ROTTERDAM", "DatumEinde": null, "Zorgsoorten": null, "Kwalificaties": null, "GegevensOpenbaar": 1}, {"ExtensionData": {}, "ZorgpartijID": 1014755, "Rank": 0, "ZorgpartijType": 3, "AGBCode": null, "Naam": "SINT FRANCISCUS GASTHUIS", "Adres": "Kleiweg 500", "Postcode": "3045PM  ", "Plaats": "ROTTERDAM", "DatumEinde": "31-12-2017", "Zorgsoorten": null, "Kwalificaties": null, "GegevensOpenbaar": 1}, {"ExtensionData": {}, "ZorgpartijID": 1014756, "Rank": 0, "ZorgpartijType": 3, "AGBCode": null, "Naam": "ZIEKENHUIS BRONOVO", "Adres": "Bronovolaan 5", "Postcode": "2597AX  ", "Plaats": "'S-GRAVENHAGE", "DatumEinde": null, "Zorgsoorten": null, "Kwalificaties": null, "GegevensOpenbaar": 1}, {"ExtensionData": {}, "ZorgpartijID": 1014759, "Rank": 0, "ZorgpartijType": 3, "AGBCode": null, "Naam": "Stichting Noordwest Ziekenhuisgroep", "Adres": "Wilhelminalaan 12", "Postcode": "1815JD", "Plaats": "ALKMAAR", "DatumEinde": null, "Zorgsoorten": null, "Kwalificaties": null, "GegevensOpenbaar": 1}, {"ExtensionData": {}, "ZorgpartijID": 1014760, "Rank": 0, "ZorgpartijType": 3, "AGBCode": null, "Naam": "STREEKZIEKENHUIS KONINGIN BEATRIX", "Adres": "Beatrixpark 1", "Postcode": "7101BN  ", "Plaats": "WINTERSWIJK", "DatumEinde": null, "Zorgsoorten": null, "Kwalificaties": null, "GegevensOpenbaar": 1}, {"ExtensionData": {}, "ZorgpartijID": 1014895, "Rank": 0, "ZorgpartijType": 2, "AGBCode": "06010620", "Naam": "ST. ANTONIUS ZIEKENHUIS", "Adres": "Postbus 2500", "Postcode": "3430EM", "Plaats": "NIEUWEGEIN", "DatumEinde": null, "Zorgsoorten": null, "Kwalificaties": null, "GegevensOpenbaar": 1}, {"ExtensionData": {}, "ZorgpartijID": 1014994, "Rank": 0, "ZorgpartijType": 2, "AGBCode": "06010526", "Naam": "ZIEKENHUIS ZEVENAAR", "Adres": "Postbus 9555", "Postcode": "6800TA", "Plaats": "ARNHEM", "DatumEinde": null, "Zorgsoorten": null, "Kwalificaties": null, "GegevensOpenbaar": 1}, {"ExtensionData": {}, "ZorgpartijID": 1014995, "Rank": 0, "ZorgpartijType": 2, "AGBCode": "06010911", "Naam": "Admiraal De Ruyter Ziekenhuis B.V.", "Adres": "Postbus 15", "Postcode": "4460AA", "Plaats": "GOES", "DatumEinde": null, "Zorgsoorten": null, "Kwalificaties": null, "GegevensOpenbaar": 1}, {"ExtensionData": {}, "ZorgpartijID": 1014996, "Rank": 0, "ZorgpartijType": 2, "AGBCode": "06010913", "Naam": "ZORGSAAM ZEEUWS VLAANDEREN", "Adres": "Wielingenlaan 2", "Postcode": "4535PA", "Plaats": "TERNEUZEN", "DatumEinde": null, "Zorgsoorten": null, "Kwalificaties": null, "GegevensOpenbaar": 1}, {"ExtensionData": {}, "ZorgpartijID": 1014997, "Rank": 0, "ZorgpartijType": 2, "AGBCode": "06011001", "Naam": "ZIEKENHUIS LIEVENSBERG", "Adres": "Boerhaaveplein 1", "Postcode": "4624VT", "Plaats": "BERGEN OP ZOOM", "DatumEinde": "02-01-2019", "Zorgsoorten": null, "Kwalificaties": null, "GegevensOpenbaar": 1}, {"ExtensionData": {}, "ZorgpartijID": 1014998, "Rank": 0, "ZorgpartijType": 2, "AGBCode": "06011002", "Naam": "Maasziekenhuis Pantein B.V.", "Adres": "Dokter Kopstraat 1", "Postcode": "5835DV", "Plaats": "BEUGEN", "DatumEinde": null, "Zorgsoorten": null, "Kwalificaties": null, "GegevensOpenbaar": 1}, {"ExtensionData": {}, "ZorgpartijID": 1014999, "Rank": 0, "ZorgpartijType": 2, "AGBCode": "06011009", "Naam": "CATHARINA-ZIEKENHUIS", "Adres": "Postbus 1350", "Postcode": "5602ZA", "Plaats": "EINDHOVEN", "DatumEinde": null, "Zorgsoorten": null, "Kwalificaties": null, "GegevensOpenbaar": 1}, {"ExtensionData": {}, "ZorgpartijID": 1015000, "Rank": 0, "ZorgpartijType": 2, "AGBCode": "06011011", "Naam": "SINT ANNAZIEKENHUIS", "Adres": "Postbus 90", "Postcode": "5660AB", "Plaats": "GELDROP", "DatumEinde": null, "Zorgsoorten": null, "Kwalificaties": null, "GegevensOpenbaar": 1}, {"ExtensionData": {}, "ZorgpartijID": 1015001, "Rank": 0, "ZorgpartijType": 2, "AGBCode": "06011021", "Naam": "FRANCISCUS ZIEKENHUIS", "Adres": "Postbus 999", "Postcode": "4700AZ", "Plaats": "ROOSENDAAL", "DatumEinde": "10-12-2018", "Zorgsoorten": null, "Kwalificaties": null, "GegevensOpenbaar": 1}, {"ExtensionData": {}, "ZorgpartijID": 1015004, "Rank": 0, "ZorgpartijType": 2, "AGBCode": "06011104", "Naam": "CIRO+ B.V.", "Adres": "Postbus 4009", "Postcode": "6080AA", "Plaats": "HAELEN", "DatumEinde": null, "Zorgsoorten": null, "Kwalificaties": null, "GegevensOpenbaar": 1}, {"ExtensionData": {}, "ZorgpartijID": 1015005, "Rank": 0, "ZorgpartijType": 2, "AGBCode": "06010748", "Naam": "MC Slotervaart", "Adres": "Louwesweg 6", "Postcode": "1066EC", "Plaats": "AMSTERDAM", "DatumEinde": "01-02-2019", "Zorgsoorten": null, "Kwalificaties": null, "GegevensOpenbaar": 1}, {"ExtensionData": {}, "ZorgpartijID": 1015006, "Rank": 0, "ZorgpartijType": 2, "AGBCode": "06010419", "Naam": "MEDISCH SPECTRUM TWENTE", "Adres": "Postbus 50000", "Postcode": "7500KA", "Plaats": "ENSCHEDE", "DatumEinde": null, "Zorgsoorten": null, "Kwalificaties": null, "GegevensOpenbaar": 1}, {"ExtensionData": {}, "ZorgpartijID": 1015007, "Rank": 0, "ZorgpartijType": 2, "AGBCode": "06010509", "Naam": "SLINGELANDZIEKENHUIS", "Adres": "Postbus 169", "Postcode": "7000AD  ", "Plaats": "DOETINCHEM", "DatumEinde": null, "Zorgsoorten": null, "Kwalificaties": null, "GegevensOpenbaar": 1}, {"ExtensionData": {}, "ZorgpartijID": 1015008, "Rank": 0, "ZorgpartijType": 2, "AGBCode": "06010205", "Naam": "Ziekenhuis Tjongerschans B.V.", "Adres": "Thialfweg 44", "Postcode": "8441PW", "Plaats": "HEERENVEEN", "DatumEinde": null, "Zorgsoorten": null, "Kwalificaties": null, "GegevensOpenbaar": 1}, {"ExtensionData": {}, "ZorgpartijID": 1015009, "Rank": 0, "ZorgpartijType": 2, "AGBCode": "06010209", "Naam": "ANTONIUS ZIEKENHUIS", "Adres": "Postbus 20000", "Postcode": "8600BA", "Plaats": "SNEEK", "DatumEinde": null, "Zorgsoorten": null, "Kwalificaties": null, "GegevensOpenbaar": 1}, {"ExtensionData": {}, "ZorgpartijID": 1015010, "Rank": 0, "ZorgpartijType": 2, "AGBCode": "06010210", "Naam": "MEDISCH CENTRUM LEEUWARDEN", "Adres": "Postbus 888", "Postcode": "8901BR", "Plaats": "LEEUWARDEN", "DatumEinde": null, "Zorgsoorten": null, "Kwalificaties": null, "GegevensOpenbaar": 1}, {"ExtensionData": {}, "ZorgpartijID": 1015011, "Rank": 0, "ZorgpartijType": 2, "AGBCode": "06010301", "Naam": "WILHELMINA ZIEKENHUIS", "Adres": "Postbus 30001", "Postcode": "9400RA", "Plaats": "ASSEN", "DatumEinde": null, "Zorgsoorten": null, "Kwalificaties": null, "GegevensOpenbaar": 1}, {"ExtensionData": {}, "ZorgpartijID": 1015012, "Rank": 0, "ZorgpartijType": 2, "AGBCode": "06010303", "Naam": "SCHEPER ZIEKENHUIS", "Adres": "Boermarkeweg 60", "Postcode": "7824AA", "Plaats": "EMMEN", "DatumEinde": "01-03-2012", "Zorgsoorten": null, "Kwalificaties": null, "GegevensOpenbaar": 1}, {"ExtensionData": {}, "ZorgpartijID": 1015013, "Rank": 0, "ZorgpartijType": 2, "AGBCode": "06010304", "Naam": "Stichting Treant Ziekenhuiszorg", "Adres": "Postbus 30000", "Postcode": "7900RA", "Plaats": "HOOGEVEEN", "DatumEinde": null, "Zorgsoorten": null, "Kwalificaties": null, "GegevensOpenbaar": 1}, {"ExtensionData": {}, "ZorgpartijID": 1015014, "Rank": 0, "ZorgpartijType": 2, "AGBCode": "06010305", "Naam": "ISALA DIACONESSENHUIS", "Adres": "Hoogeveenseweg 38", "Postcode": "7943KA", "Plaats": "MEPPEL", "DatumEinde": "22-08-2017", "Zorgsoorten": null, "Kwalificaties": null, "GegevensOpenbaar": 1}, {"ExtensionData": {}, "ZorgpartijID": 1015015, "Rank": 0, "ZorgpartijType": 2, "AGBCode": "06010520", "Naam": "ZIEKENHUIS RIVIERENLAND", "Adres": "Postbus 6024", "Postcode": "4000HA", "Plaats": "TIEL", "DatumEinde": null, "Zorgsoorten": null, "Kwalificaties": null, "GegevensOpenbaar": 1}, {"ExtensionData": {}, "ZorgpartijID": 1015016, "Rank": 0, "ZorgpartijType": 2, "AGBCode": "06010754", "Naam": "Stichting Spaarne Gasthuis", "Adres": "Spaarnepoort 1", "Postcode": "2134TM", "Plaats": "HOOFDDORP", "DatumEinde": null, "Zorgsoorten": null, "Kwalificaties": null, "GegevensOpenbaar": 1}, {"ExtensionData": {}, "ZorgpartijID": 1015017, "Rank": 0, "ZorgpartijType": 2, "AGBCode": "06010755", "Naam": "RODE KRUIS ZIEKENHUIS", "Adres": "Vondellaan 13", "Postcode": "1942LE", "Plaats": "BEVERWIJK", "DatumEinde": null, "Zorgsoorten": null, "Kwalificaties": null, "GegevensOpenbaar": 1}, {"ExtensionData": {}, "ZorgpartijID": 1015018, "Rank": 0, "ZorgpartijType": 2, "AGBCode": "06010756", "Naam": "KENNEMER GASTHUIS LOCATIE E G", "Adres": "Postbus 417", "Postcode": "2000AK  ", "Plaats": "HAARLEM", "DatumEinde": null, "Zorgsoorten": null, "Kwalificaties": null, "GegevensOpenbaar": 1}, {"ExtensionData": {}, "ZorgpartijID": 1015019, "Rank": 0, "ZorgpartijType": 2, "AGBCode": "06010805", "Naam": "HET VAN WEEL-BETHESDA ZIEKENHUIS", "Adres": "Postbus 153", "Postcode": "3240AD", "Plaats": "MIDDELHARNIS", "DatumEinde": null, "Zorgsoorten": null, "Kwalificaties": null, "GegevensOpenbaar": 1}, {"ExtensionData": {}, "ZorgpartijID": 1015020, "Rank": 0, "ZorgpartijType": 2, "AGBCode": "06010822", "Naam": "HET DIACONESSENHUIS", "Adres": "Postbus 9650", "Postcode": "2300RD", "Plaats": "LEIDEN", "DatumEinde": null, "Zorgsoorten": null, "Kwalificaties": null, "GegevensOpenbaar": 1}, {"ExtensionData": {}, "ZorgpartijID": 1015021, "Rank": 0, "ZorgpartijType": 2, "AGBCode": "06010830", "Naam": "HAVENZIEKENHUIS EN INSTITUUT VOOR TROPISCHE ZIEKTEN B.V.", "Adres": "Haringvliet 2", "Postcode": "3011TD", "Plaats": "ROTTERDAM", "DatumEinde": "01-01-2018", "Zorgsoorten": null, "Kwalificaties": null, "GegevensOpenbaar": 1}, {"ExtensionData": {}, "ZorgpartijID": 1015022, "Rank": 0, "ZorgpartijType": 2, "AGBCode": "06010831", "Naam": "STICHTING PROTESTANTS CHRISTELIJK ZIEKENHUIS IKAZIA", "Adres": "Montessoriweg 1", "Postcode": "3083AN", "Plaats": "ROTTERDAM", "DatumEinde": null, "Zorgsoorten": null, "Kwalificaties": null, "GegevensOpenbaar": 1}, {"ExtensionData": {}, "ZorgpartijID": 1015023, "Rank": 0, "ZorgpartijType": 2, "AGBCode": "06010832", "Naam": "SINT FRANCISCUS GASTHUIS", "Adres": "Kleiweg 500", "Postcode": "3045PM  ", "Plaats": "ROTTERDAM", "DatumEinde": "31-12-2017", "Zorgsoorten": null, "Kwalificaties": null, "GegevensOpenbaar": 1}, {"ExtensionData": {}, "ZorgpartijID": 1015024, "Rank": 0, "ZorgpartijType": 2, "AGBCode": "06010844", "Naam": "ZIEKENHUIS BRONOVO", "Adres": "Postbus 96900", "Postcode": "2509JH", "Plaats": "'S-GRAVENHAGE", "DatumEinde": null, "Zorgsoorten": null, "Kwalificaties": null, "GegevensOpenbaar": 1}, {"ExtensionData": {}, "ZorgpartijID": 1015027, "Rank": 0, "ZorgpartijType": 2, "AGBCode": "06010702", "Naam": "Stichting Noordwest Ziekenhuisgroep", "Adres": "Postbus 501", "Postcode": "1800AM", "Plaats": "ALKMAAR", "DatumEinde": null, "Zorgsoorten": null, "Kwalificaties": null, "GegevensOpenbaar": 1}, {"ExtensionData": {}, "ZorgpartijID": 1015028, "Rank": 0, "ZorgpartijType": 2, "AGBCode": "06010530", "Naam": "STREEKZIEKENHUIS KONINGIN BEATRIX", "Adres": "Postbus 9005", "Postcode": "7100GG", "Plaats": "WINTERSWIJK", "DatumEinde": null, "Zorgsoorten": null, "Kwalificaties": null, "GegevensOpenbaar": 1}, {"ExtensionData": {}, "ZorgpartijID": 1015621, "Rank": 0, "ZorgpartijType": 3, "AGBCode": null, "Naam": "MEDISCH CENTRUM HAAGLANDEN", "Adres": "Lijnbaan 32", "Postcode": "2512VA  ", "Plaats": "'S-GRAVENHAGE", "DatumEinde": null, "Zorgsoorten": null, "Kwalificaties": null, "GegevensOpenbaar": 1}, {"ExtensionData": {}, "ZorgpartijID": 1015625, "Rank": 0, "ZorgpartijType": 3, "AGBCode": null, "Naam": "DIAKONESSENHUIS", "Adres": "Bosboomstraat 1", "Postcode": "3582KE", "Plaats": "UTRECHT", "DatumEinde": null, "Zorgsoorten": null, "Kwalificaties": null, "GegevensOpenbaar": 1}, {"ExtensionData": {}, "ZorgpartijID": 1015657, "Rank": 0, "ZorgpartijType": 3, "AGBCode": null, "Naam": "MAXIMA MEDISCH CENTRUM", "Adres": "De Run 4600", "Postcode": "5504DB  ", "Plaats": "VELDHOVEN", "DatumEinde": null, "Zorgsoorten": null, "Kwalificaties": null, "GegevensOpenbaar": 1}, {"ExtensionData": {}, "ZorgpartijID": 1015889, "Rank": 0, "ZorgpartijType": 2, "AGBCode": "06010858", "Naam": "MEDISCH CENTRUM HAAGLANDEN", "Adres": "Postbus 432", "Postcode": "2501CK", "Plaats": "'S-GRAVENHAGE", "DatumEinde": null, "Zorgsoorten": null, "Kwalificaties": null, "GegevensOpenbaar": 1}, {"ExtensionData": {}, "ZorgpartijID": 1015893, "Rank": 0, "ZorgpartijType": 2, "AGBCode": "06010618", "Naam": "DIAKONESSENHUIS", "Adres": "Postbus 80250", "Postcode": "3508TG", "Plaats": "UTRECHT", "DatumEinde": null, "Zorgsoorten": null, "Kwalificaties": null, "GegevensOpenbaar": 1}, {"ExtensionData": {}, "ZorgpartijID": 1015925, "Rank": 0, "ZorgpartijType": 2, "AGBCode": "06011035", "Naam": "MAXIMA MEDISCH CENTRUM", "Adres": "Postbus 7777", "Postcode": "5500MB", "Plaats": "VELDHOVEN", "DatumEinde": null, "Zorgsoorten": null, "Kwalificaties": null, "GegevensOpenbaar": 1}, {"ExtensionData": {}, "ZorgpartijID": 1016743, "Rank": 0, "ZorgpartijType": 3, "AGBCode": null, "Naam": "HAGAZIEKENHUIS", "Adres": "Els Borst-Eilersplein 275", "Postcode": "2545AA  ", "Plaats": "'S-GRAVENHAGE", "DatumEinde": null, "Zorgsoorten": null, "Kwalificaties": null, "GegevensOpenbaar": 1}, {"ExtensionData": {}, "ZorgpartijID": 1017011, "Rank": 0, "ZorgpartijType": 2, "AGBCode": "06010862", "Naam": "HAGAZIEKENHUIS", "Adres": "Els Borst-Eilersplein 275", "Postcode": "2545AA", "Plaats": "'S-GRAVENHAGE", "DatumEinde": null, "Zorgsoorten": null, "Kwalificaties": null, "GegevensOpenbaar": 1}, {"ExtensionData": {}, "ZorgpartijID": 1017435, "Rank": 0, "ZorgpartijType": 3, "AGBCode": null, "Naam": "MAASSTAD ZIEKENHUIS", "Adres": "Maasstadweg 21", "Postcode": "3079DZ", "Plaats": "ROTTERDAM", "DatumEinde": null, "Zorgsoorten": null, "Kwalificaties": null, "GegevensOpenbaar": 1}, {"ExtensionData": {}, "ZorgpartijID": 1017436, "Rank": 0, "ZorgpartijType": 3, "AGBCode": null, "Naam": "AMPHIA ZIEKENHUIS", "Adres": "Molengracht 21", "Postcode": "4818CK  ", "Plaats": "BREDA", "DatumEinde": null, "Zorgsoorten": null, "Kwalificaties": null, "GegevensOpenbaar": 1}, {"ExtensionData": {}, "ZorgpartijID": 1017437, "Rank": 0, "ZorgpartijType": 3, "AGBCode": null, "Naam": "ISALAKLINIEKEN", "Adres": "Dokter van Heesweg 2", "Postcode": "8025AB  ", "Plaats": "ZWOLLE", "DatumEinde": null, "Zorgsoorten": null, "Kwalificaties": null, "GegevensOpenbaar": 1}, {"ExtensionData": {}, "ZorgpartijID": 1017438, "Rank": 0, "ZorgpartijType": 3, "AGBCode": null, "Naam": "STICHTING GELRE ZIEKENHUIZEN", "Adres": "Albert Schweitzerlaan 31", "Postcode": "7334DZ  ", "Plaats": "APELDOORN", "DatumEinde": null, "Zorgsoorten": null, "Kwalificaties": null, "GegevensOpenbaar": 1}, {"ExtensionData": {}, "ZorgpartijID": 1017943, "Rank": 0, "ZorgpartijType": 2, "AGBCode": "06010861", "Naam": "MAASSTAD ZIEKENHUIS", "Adres": "Postbus 9100", "Postcode": "3007AC", "Plaats": "ROTTERDAM", "DatumEinde": null, "Zorgsoorten": null, "Kwalificaties": null, "GegevensOpenbaar": 1}, {"ExtensionData": {}, "ZorgpartijID": 1017944, "Rank": 0, "ZorgpartijType": 2, "AGBCode": "06011033", "Naam": "AMPHIA ZIEKENHUIS", "Adres": "Postbus 90157", "Postcode": "4800RL", "Plaats": "BREDA", "DatumEinde": null, "Zorgsoorten": null, "Kwalificaties": null, "GegevensOpenbaar": 1}, {"ExtensionData": {}, "ZorgpartijID": 1017945, "Rank": 0, "ZorgpartijType": 2, "AGBCode": "06010420", "Naam": "ISALAKLINIEKEN", "Adres": "Postbus 10400", "Postcode": "8000GK  ", "Plaats": "ZWOLLE", "DatumEinde": null, "Zorgsoorten": null, "Kwalificaties": null, "GegevensOpenbaar": 1}, {"ExtensionData": {}, "ZorgpartijID": 1017946, "Rank": 0, "ZorgpartijType": 2, "AGBCode": "06010536", "Naam": "STICHTING GELRE ZIEKENHUIZEN", "Adres": "Postbus 9014", "Postcode": "7300DS", "Plaats": "APELDOORN", "DatumEinde": null, "Zorgsoorten": null, "Kwalificaties": null, "GegevensOpenbaar": 1}, {"ExtensionData": {}, "ZorgpartijID": 1019253, "Rank": 0, "ZorgpartijType": 3, "AGBCode": null, "Naam": "MC Zuiderzee", "Adres": "Ziekenhuisweg 100", "Postcode": "8233AA  ", "Plaats": "LELYSTAD", "DatumEinde": "01-03-2019", "Zorgsoorten": null, "Kwalificaties": null, "GegevensOpenbaar": 1}, {"ExtensionData": {}, "ZorgpartijID": 1019521, "Rank": 0, "ZorgpartijType": 2, "AGBCode": "06011201", "Naam": "MC Zuiderzee", "Adres": "Ziekenhuisweg 100", "Postcode": "8233AA", "Plaats": "LELYSTAD", "DatumEinde": "01-03-2019", "Zorgsoorten": null, "Kwalificaties": null, "GegevensOpenbaar": 1}, {"ExtensionData": {}, "ZorgpartijID": 1019919, "Rank": 0, "ZorgpartijType": 3, "AGBCode": null, "Naam": "STREEKZIEKENHUIS ORANJEOORD", "Adres": "Achlumerdijk 2", "Postcode": "8862AJ", "Plaats": "HARLINGEN", "DatumEinde": null, "Zorgsoorten": null, "Kwalificaties": null, "GegevensOpenbaar": 1}, {"ExtensionData": {}, "ZorgpartijID": 1020187, "Rank": 0, "ZorgpartijType": 2, "AGBCode": "06010204", "Naam": "STREEKZIEKENHUIS ORANJEOORD", "Adres": "Achlumerdijk 2", "Postcode": "8862AJ", "Plaats": "HARLINGEN", "DatumEinde": null, "Zorgsoorten": null, "Kwalificaties": null, "GegevensOpenbaar": 1}, {"ExtensionData": {}, "ZorgpartijID": 1023569, "Rank": 0, "ZorgpartijType": 3, "AGBCode": null, "Naam": "Admiraal De Ruyter Ziekenhuis B.V.", "Adres": "'s-Gravenpolderseweg 114", "Postcode": "4462RA  ", "Plaats": "GOES", "DatumEinde": null, "Zorgsoorten": null, "Kwalificaties": null, "GegevensOpenbaar": 1}, {"ExtensionData": {}, "ZorgpartijID": 1023765, "Rank": 0, "ZorgpartijType": 2, "AGBCode": "06010901", "Naam": "Admiraal De Ruyter Ziekenhuis B.V.", "Adres": "Postbus 15", "Postcode": "4460AA  ", "Plaats": "GOES", "DatumEinde": null, "Zorgsoorten": null, "Kwalificaties": null, "GegevensOpenbaar": 1}, {"ExtensionData": {}, "ZorgpartijID": 1026236, "Rank": 0, "ZorgpartijType": 3, "AGBCode": null, "Naam": "Ommelander Ziekenhuis Groningen B.V.", "Adres": "Pastorieweg 1", "Postcode": "9679BJ", "Plaats": "SCHEEMDA", "DatumEinde": null, "Zorgsoorten": null, "Kwalificaties": null, "GegevensOpenbaar": 1}, {"ExtensionData": {}, "ZorgpartijID": 1026504, "Rank": 0, "ZorgpartijType": 2, "AGBCode": "06010110", "Naam": "Ommelander Ziekenhuis Groningen B.V.", "Adres": "Postbus 35", "Postcode": "9679ZG", "Plaats": "SCHEEMDA", "DatumEinde": null, "Zorgsoorten": null, "Kwalificaties": null, "GegevensOpenbaar": 1}, {"ExtensionData": {}, "ZorgpartijID": 1033128, "Rank": 0, "ZorgpartijType": 3, "AGBCode": null, "Naam": "STICHTING MC AMSTELVEEN", "Adres": "Bennebroekerlaan 35 a", "Postcode": "2121GR  ", "Plaats": "BENNEBROEK", "DatumEinde": null, "Zorgsoorten": null, "Kwalificaties": null, "GegevensOpenbaar": 1}, {"ExtensionData": {}, "ZorgpartijID": 1033329, "Rank": 0, "ZorgpartijType": 2, "AGBCode": "06010759", "Naam": "STICHTING MC AMSTELVEEN", "Adres": "Bennebroekerlaan 35 a", "Postcode": "2121GR  ", "Plaats": "BENNEBROEK", "DatumEinde": null, "Zorgsoorten": null, "Kwalificaties": null, "GegevensOpenbaar": 1}, {"ExtensionData": {}, "ZorgpartijID": 1037127, "Rank": 0, "ZorgpartijType": 3, "AGBCode": null, "Naam": "STICHTING SCHEPER-BETHESDA-REFAJA ZIEKENHUIS", "Adres": "Dr G H Amshoffweg 1", "Postcode": "7909AA", "Plaats": "HOOGEVEEN", "DatumEinde": "03-07-2013", "Zorgsoorten": null, "Kwalificaties": null, "GegevensOpenbaar": 1}, {"ExtensionData": {}, "ZorgpartijID": 1037372, "Rank": 0, "ZorgpartijType": 2, "AGBCode": "06010306", "Naam": "STICHTING SCHEPER-BETHESDA-REFAJA ZIEKENHUIS", "Adres": "Dr G H Amshoffweg 1", "Postcode": "7909AA", "Plaats": "HOOGEVEEN", "DatumEinde": "03-07-2013", "Zorgsoorten": null, "Kwalificaties": null, "GegevensOpenbaar": 1}, {"ExtensionData": {}, "ZorgpartijID": 1039815, "Rank": 0, "ZorgpartijType": 3, "AGBCode": null, "Naam": "SPIJKENISSE MEDISCH CENTRUM B.V.", "Adres": "Ruwaard van Puttenweg 500", "Postcode": "3201GZ", "Plaats": "SPIJKENISSE", "DatumEinde": null, "Zorgsoorten": null, "Kwalificaties": null, "GegevensOpenbaar": 1}, {"ExtensionData": {}, "ZorgpartijID": 1040056, "Rank": 0, "ZorgpartijType": 2, "AGBCode": "06010863", "Naam": "SPIJKENISSE MEDISCH CENTRUM B.V.", "Adres": "Ruwaard van Puttenweg 500", "Postcode": "3201GZ", "Plaats": "SPIJKENISSE", "DatumEinde": null, "Zorgsoorten": null, "Kwalificaties": null, "GegevensOpenbaar": 1}, {"ExtensionData": {}, "ZorgpartijID": 1367004, "Rank": 0, "ZorgpartijType": 2, "AGBCode": "06010760", "Naam": "STICHTING MEDISCH CENTRUM BOERHAAVE", "Adres": "Dintelstraat 60", "Postcode": "1078VV  ", "Plaats": "AMSTERDAM", "DatumEinde": null, "Zorgsoorten": null, "Kwalificaties": null, "GegevensOpenbaar": 1}, {"ExtensionData": {}, "ZorgpartijID": 1367102, "Rank": 0, "ZorgpartijType": 3, "AGBCode": null, "Naam": "STICHTING MEDISCH CENTRUM BOERHAAVE", "Adres": "Dintelstraat 60", "Postcode": "1078VV  ", "Plaats": "AMSTERDAM", "DatumEinde": null, "Zorgsoorten": null, "Kwalificaties": null, "GegevensOpenbaar": 1}, {"ExtensionData": {}, "ZorgpartijID": 1403038, "Rank": 0, "ZorgpartijType": 2, "AGBCode": "06010865", "Naam": "STICHTING ALRIJNE ZORGGROEP", "Adres": "Postbus 4220", "Postcode": "2350CC", "Plaats": "LEIDERDORP", "DatumEinde": null, "Zorgsoorten": null, "Kwalificaties": null, "GegevensOpenbaar": 1}, {"ExtensionData": {}, "ZorgpartijID": 1403040, "Rank": 0, "ZorgpartijType": 3, "AGBCode": null, "Naam": "STICHTING ALRIJNE ZORGGROEP", "Adres": "Simon Smitweg 1", "Postcode": "2353GA  ", "Plaats": "LEIDERDORP", "DatumEinde": null, "Zorgsoorten": null, "Kwalificaties": null, "GegevensOpenbaar": 1}, {"ExtensionData": {}, "ZorgpartijID": 1407134, "Rank": 0, "ZorgpartijType": 2, "AGBCode": "06011036", "Naam": "STICHTING BRAVIS ZIEKENHUIS", "Adres": "Postbus 999", "Postcode": "4700AZ  ", "Plaats": "ROOSENDAAL", "DatumEinde": null, "Zorgsoorten": null, "Kwalificaties": null, "GegevensOpenbaar": 1}, {"ExtensionData": {}, "ZorgpartijID": 1407136, "Rank": 0, "ZorgpartijType": 3, "AGBCode": null, "Naam": "STICHTING BRAVIS ZIEKENHUIS", "Adres": "Boerhaavelaan 25", "Postcode": "4708AE  ", "Plaats": "ROOSENDAAL", "DatumEinde": null, "Zorgsoorten": null, "Kwalificaties": null, "GegevensOpenbaar": 1}, {"ExtensionData": {}, "ZorgpartijID": 1412988, "Rank": 0, "ZorgpartijType": 2, "AGBCode": "06011118", "Naam": "Stichting Zuyderland Medisch Centrum", "Adres": "Postbus 5500", "Postcode": "6130MB  ", "Plaats": "SITTARD", "DatumEinde": null, "Zorgsoorten": null, "Kwalificaties": null, "GegevensOpenbaar": 1}, {"ExtensionData": {}, "ZorgpartijID": 1412989, "Rank": 0, "ZorgpartijType": 3, "AGBCode": null, "Naam": "Stichting Zuyderland Medisch Centrum (Heerlen)", "Adres": "Henri Dunantstraat 5", "Postcode": "6419PC  ", "Plaats": "HEERLEN", "DatumEinde": null, "Zorgsoorten": null, "Kwalificaties": null, "GegevensOpenbaar": 1}, {"ExtensionData": {}, "ZorgpartijID": 1413030, "Rank": 0, "ZorgpartijType": 3, "AGBCode": null, "Naam": "Stichting Zuyderland Medisch Centrum (KERKRADE)", "Adres": "Wijngracht 45", "Postcode": "6461AL  ", "Plaats": "KERKRADE", "DatumEinde": null, "Zorgsoorten": null, "Kwalificaties": null, "GegevensOpenbaar": 1}, {"ExtensionData": {}, "ZorgpartijID": 1413033, "Rank": 0, "ZorgpartijType": 3, "AGBCode": null, "Naam": "Stichting Zuyderland Medisch Centrum (GELEEN)", "Adres": "Dr. H. van der Hoffplein 1", "Postcode": "6162BG  ", "Plaats": "GELEEN", "DatumEinde": null, "Zorgsoorten": null, "Kwalificaties": null, "GegevensOpenbaar": 1}, {"ExtensionData": {}, "ZorgpartijID": 1413038, "Rank": 0, "ZorgpartijType": 3, "AGBCode": null, "Naam": "Stichting Zuyderland Medisch Centrum (BRUNSSUM)", "Adres": "Kochstraat 2", "Postcode": "6442BE  ", "Plaats": "BRUNSSUM", "DatumEinde": null, "Zorgsoorten": null, "Kwalificaties": null, "GegevensOpenbaar": 1}, {"ExtensionData": {}, "ZorgpartijID": 1444667, "Rank": 0, "ZorgpartijType": 2, "AGBCode": "06010866", "Naam": "Stichting Haaglanden Medisch Centrum", "Adres": "Postbus 432", "Postcode": "2501CK  ", "Plaats": "'S-GRAVENHAGE", "DatumEinde": null, "Zorgsoorten": null, "Kwalificaties": null, "GegevensOpenbaar": 1}, {"ExtensionData": {}, "ZorgpartijID": 1444677, "Rank": 0, "ZorgpartijType": 3, "AGBCode": null, "Naam": "HMC (Haaglanden Medisch Centrum)", "Adres": "Lijnbaan 32", "Postcode": "2512VA", "Plaats": "'S-GRAVENHAGE", "DatumEinde": null, "Zorgsoorten": null, "Kwalificaties": null, "GegevensOpenbaar": 1}, {"ExtensionData": {}, "ZorgpartijID": 1460227, "Rank": 0, "ZorgpartijType": 2, "AGBCode": "06011037", "Naam": "STICHTING ELISABETH-TWEESTEDEN ZIEKENHUIS", "Adres": "Hilvarenbeekseweg 60", "Postcode": "5022GC", "Plaats": "TILBURG", "DatumEinde": null, "Zorgsoorten": null, "Kwalificaties": null, "GegevensOpenbaar": 1}, {"ExtensionData": {}, "ZorgpartijID": 1460235, "Rank": 0, "ZorgpartijType": 3, "AGBCode": null, "Naam": "STICHTING ELISABETH-TWEESTEDEN ZIEKENHUIS", "Adres": "Hilvarenbeekseweg 60", "Postcode": "5022GC  ", "Plaats": "TILBURG", "DatumEinde": null, "Zorgsoorten": null, "Kwalificaties": null, "GegevensOpenbaar": 1}, {"ExtensionData": {}, "ZorgpartijID": 1460241, "Rank": 0, "ZorgpartijType": 3, "AGBCode": null, "Naam": "STICHTING ELISABETH-TWEESTEDEN ZIEKENHUIS", "Adres": "Dr. Deelenlaan 5", "Postcode": "5042AD  ", "Plaats": "TILBURG", "DatumEinde": null, "Zorgsoorten": null, "Kwalificaties": null, "GegevensOpenbaar": 1}, {"ExtensionData": {}, "ZorgpartijID": 1490347, "Rank": 0, "ZorgpartijType": 2, "AGBCode": "06010867", "Naam": "Franciscus Gasthuis (Vlietland Groep)", "Adres": "Kleiweg 500", "Postcode": "3045PM", "Plaats": "ROTTERDAM", "DatumEinde": null, "Zorgsoorten": null, "Kwalificaties": null, "GegevensOpenbaar": 1}, {"ExtensionData": {}, "ZorgpartijID": 1490348, "Rank": 0, "ZorgpartijType": 3, "AGBCode": null, "Naam": "Franciscus Gasthuis (Vlietland Groep)", "Adres": "Kleiweg 500", "Postcode": "3045PM  ", "Plaats": "ROTTERDAM", "DatumEinde": null, "Zorgsoorten": null, "Kwalificaties": null, "GegevensOpenbaar": 1}, {"ExtensionData": {}, "ZorgpartijID": 1560376, "Rank": 0, "ZorgpartijType": 2, "AGBCode": "06010914", "Naam": "STICHTING ZORGSAAM ZEEUWS-VLAANDEREN", "Adres": "Wielingenlaan 2", "Postcode": "4535PA", "Plaats": "TERNEUZEN", "DatumEinde": null, "Zorgsoorten": null, "Kwalificaties": null, "GegevensOpenbaar": 1}, {"ExtensionData": {}, "ZorgpartijID": 1560377, "Rank": 0, "ZorgpartijType": 3, "AGBCode": null, "Naam": "STICHTING ZORGSAAM ZORGGROEP ZEEUWS-VLAANDEREN", "Adres": "Wielingenlaan 2", "Postcode": "4535PA", "Plaats": "TERNEUZEN", "DatumEinde": null, "Zorgsoorten": null, "Kwalificaties": null, "GegevensOpenbaar": 1}, {"ExtensionData": {}, "ZorgpartijID": 1572221, "Rank": 0, "ZorgpartijType": 3, "AGBCode": null, "Naam": "Stichting Leger des Heils Welzijns- en Gezondheidszorg", "Adres": "Hoenderloseweg 108", "Postcode": "7339GK  ", "Plaats": "UGCHELEN", "DatumEinde": null, "Zorgsoorten": null, "Kwalificaties": null, "GegevensOpenbaar": 1}, {"ExtensionData": {}, "ZorgpartijID": 1572223, "Rank": 0, "ZorgpartijType": 3, "AGBCode": null, "Naam": "STICHTING LEGER DES HEILS WELZIJNS- EN GEZONDHEIDSZORG", "Adres": "Hoog Buurloseweg 145", "Postcode": "7339EL  ", "Plaats": "UGCHELEN", "DatumEinde": null, "Zorgsoorten": null, "Kwalificaties": null, "GegevensOpenbaar": 1}, {"ExtensionData": {}, "ZorgpartijID": 1573666, "Rank": 0, "ZorgpartijType": 2, "AGBCode": "06010916", "Naam": "ZORGSAAM ZIEKENHUIS B.V.", "Adres": "Wielingenlaan 2", "Postcode": "4535PA  ", "Plaats": "TERNEUZEN", "DatumEinde": null, "Zorgsoorten": null, "Kwalificaties": null, "GegevensOpenbaar": 1}, {"ExtensionData": {}, "ZorgpartijID": 1573667, "Rank": 0, "ZorgpartijType": 3, "AGBCode": null, "Naam": "ZORGSAAM ZIEKENHUIS B.V.", "Adres": "Wielingenlaan 2", "Postcode": "4535PA  ", "Plaats": "TERNEUZEN", "DatumEinde": null, "Zorgsoorten": null, "Kwalificaties": null, "GegevensOpenbaar": 1}, {"ExtensionData": {}, "ZorgpartijID": 1631965, "Rank": 0, "ZorgpartijType": 2, "AGBCode": "06010307", "Naam": "STICHTING ISALA KLINIEKEN", "Adres": "Postbus 10400", "Postcode": "8000GK  ", "Plaats": "ZWOLLE", "DatumEinde": null, "Zorgsoorten": null, "Kwalificaties": null, "GegevensOpenbaar": 1}, {"ExtensionData": {}, "ZorgpartijID": 1631966, "Rank": 0, "ZorgpartijType": 3, "AGBCode": null, "Naam": "STICHTING ISALA KLINIEKEN", "Adres": "Hoogeveenseweg 38", "Postcode": "7943KA  ", "Plaats": "MEPPEL", "DatumEinde": null, "Zorgsoorten": null, "Kwalificaties": null, "GegevensOpenbaar": 1}, {"ExtensionData": {}, "ZorgpartijID": 1688238, "Rank": 0, "ZorgpartijType": 3, "AGBCode": null, "Naam": "STICHTING BRAVIS ZIEKENHUIS - POLIKLINIEK ETTEN-LEUR", "Adres": "Schoonhout 215", "Postcode": "4872MC  ", "Plaats": "ETTEN-LEUR", "DatumEinde": null, "Zorgsoorten": null, "Kwalificaties": null, "GegevensOpenbaar": 1}, {"ExtensionData": {}, "ZorgpartijID": 1688239, "Rank": 0, "ZorgpartijType": 3, "AGBCode": null, "Naam": "STICHTING BRAVIS ZIEKENHUIS - OUDENBOSCH MEDISCH CENTRUM", "Adres": "West Vaardeke 11 a", "Postcode": "4731MA  ", "Plaats": "OUDENBOSCH", "DatumEinde": null, "Zorgsoorten": null, "Kwalificaties": null, "GegevensOpenbaar": 1}, {"ExtensionData": {}, "ZorgpartijID": 1688240, "Rank": 0, "ZorgpartijType": 3, "AGBCode": null, "Naam": "STICHTING BRAVIS ZIEKENHUIS - BERGEN OP ZOOM", "Adres": "Boerhaaveplein 1", "Postcode": "4624VT  ", "Plaats": "BERGEN OP ZOOM", "DatumEinde": null, "Zorgsoorten": null, "Kwalificaties": null, "GegevensOpenbaar": 1}, {"ExtensionData": {}, "ZorgpartijID": 1689210, "Rank": 0, "ZorgpartijType": 3, "AGBCode": null, "Naam": "BRAVIS POLIKLINIEK STEENBERGEN", "Adres": "Lindenburghlaan 7", "Postcode": "4651TM  ", "Plaats": "STEENBERGEN NB", "DatumEinde": null, "Zorgsoorten": null, "Kwalificaties": null, "GegevensOpenbaar": 1}]