[{"ExtensionData": {}, "ZorgpartijID": 1000897, "Rank": 0, "ZorgpartijType": 3, "AGBCode": null, "Naam": "UNIVERSITAIR MEDISCH CENTRUM GRONINGEN", "Adres": "Hanzeplein 1", "Postcode": "9713GZ", "Plaats": "GRONINGEN", "DatumEinde": null, "Zorgsoorten": null, "Kwalificaties": null, "GegevensOpenbaar": 1}, {"ExtensionData": {}, "ZorgpartijID": 1000898, "Rank": 0, "ZorgpartijType": 3, "AGBCode": null, "Naam": "Stichting Katholieke Universiteit h.o.d.n. Radboudumc", "Adres": "Geert Grooteplein Zuid 10", "Postcode": "6525GA  ", "Plaats": "NIJMEGEN", "DatumEinde": null, "Zorgsoorten": null, "Kwalificaties": null, "GegevensOpenbaar": 1}, {"ExtensionData": {}, "ZorgpartijID": 1000899, "Rank": 0, "ZorgpartijType": 3, "AGBCode": null, "Naam": "KINDERPSYCHIATRISCHE BUITENKLINIEK VOSSEVELD (UMC UTRECHT)", "Adres": "Birkstraat 84", "Postcode": "3768HJ", "Plaats": "SOEST", "DatumEinde": null, "Zorgsoorten": null, "Kwalificaties": null, "GegevensOpenbaar": 1}, {"ExtensionData": {}, "ZorgpartijID": 1000900, "Rank": 0, "ZorgpartijType": 3, "AGBCode": null, "Naam": "UNIVERSITAIR MEDISCH CENTRUM UTRECHT", "Adres": "Heidelberglaan 100", "Postcode": "3584CX  ", "Plaats": "UTRECHT", "DatumEinde": null, "Zorgsoorten": null, "Kwalificaties": null, "GegevensOpenbaar": 1}, {"ExtensionData": {}, "ZorgpartijID": 1000901, "Rank": 0, "ZorgpartijType": 3, "AGBCode": null, "Naam": "F.C. DONDERS INSTITUUT VOOR OOGHEELKUNDE (UMC UTRECHT)", "Adres": "Heidelberglaan 100", "Postcode": "3584CX  ", "Plaats": "UTRECHT", "DatumEinde": null, "Zorgsoorten": null, "Kwalificaties": null, "GegevensOpenbaar": 1}, {"ExtensionData": {}, "ZorgpartijID": 1000902, "Rank": 0, "ZorgpartijType": 3, "AGBCode": null, "Naam": "Stichting VUmc", "Adres": "De Boelelaan 1117", "Postcode": "1081HV  ", "Plaats": "AMSTERDAM", "DatumEinde": null, "Zorgsoorten": null, "Kwalificaties": null, "GegevensOpenbaar": 1}, {"ExtensionData": {}, "ZorgpartijID": 1001165, "Rank": 0, "ZorgpartijType": 2, "AGBCode": "06020101", "Naam": "UNIVERSITAIR MEDISCH CENTRUM GRONINGEN", "Adres": "Postbus 30001", "Postcode": "9700RB", "Plaats": "GRONINGEN", "DatumEinde": null, "Zorgsoorten": null, "Kwalificaties": null, "GegevensOpenbaar": 1}, {"ExtensionData": {}, "ZorgpartijID": 1001166, "Rank": 0, "ZorgpartijType": 2, "AGBCode": "06020502", "Naam": "Stichting Katholieke Universiteit h.o.d.n. Radboudumc", "Adres": "Postbus 9102", "Postcode": "6500HC", "Plaats": "NIJMEGEN", "DatumEinde": null, "Zorgsoorten": null, "Kwalificaties": null, "GegevensOpenbaar": 1}, {"ExtensionData": {}, "ZorgpartijID": 1001167, "Rank": 0, "ZorgpartijType": 2, "AGBCode": "06020601", "Naam": "KINDERPSYCHIATRISCHE BUITENKLINIEK VOSSEVELD (UMC UTRECHT)", "Adres": "Birkstraat 84", "Postcode": "3768HJ", "Plaats": "SOEST", "DatumEinde": null, "Zorgsoorten": null, "Kwalificaties": null, "GegevensOpenbaar": 1}, {"ExtensionData": {}, "ZorgpartijID": 1001168, "Rank": 0, "ZorgpartijType": 2, "AGBCode": "06020602", "Naam": "UNIVERSITAIR MEDISCH CENTRUM UTRECHT", "Adres": "Postbus 85500", "Postcode": "3508GA  ", "Plaats": "UTRECHT", "DatumEinde": null, "Zorgsoorten": null, "Kwalificaties": null, "GegevensOpenbaar": 1}, {"ExtensionData": {}, "ZorgpartijID": 1001169, "Rank": 0, "ZorgpartijType": 2, "AGBCode": "06020604", "Naam": "F.C. DONDERS INSTITUUT VOOR OOGHEELKUNDE (UMC UTRECHT)", "Adres": "Postbus 85500", "Postcode": "3508GA", "Plaats": "UTRECHT", "DatumEinde": null, "Zorgsoorten": null, "Kwalificaties": null, "GegevensOpenbaar": 1}, {"ExtensionData": {}, "ZorgpartijID": 1001170, "Rank": 0, "ZorgpartijType": 2, "AGBCode": "06020701", "Naam": "Stichting VUmc", "Adres": "De Boelelaan 1117", "Postcode": "1081HV", "Plaats": "AMSTERDAM", "DatumEinde": null, "Zorgsoorten": null, "Kwalificaties": null, "GegevensOpenbaar": 1}, {"ExtensionData": {}, "ZorgpartijID": 1019237, "Rank": 0, "ZorgpartijType": 3, "AGBCode": null, "Naam": "ACADEMISCH MEDISCH CENTRUM", "Adres": "Meibergdreef 9", "Postcode": "1105AZ", "Plaats": "AMSTERDAM", "DatumEinde": null, "Zorgsoorten": null, "Kwalificaties": null, "GegevensOpenbaar": 1}, {"ExtensionData": {}, "ZorgpartijID": 1019239, "Rank": 0, "ZorgpartijType": 3, "AGBCode": null, "Naam": "ACADEMISCH ZIEKENHUIS MAASTRICHT", "Adres": "P. Debyelaan 25", "Postcode": "6229HX  ", "Plaats": "MAASTRICHT", "DatumEinde": null, "Zorgsoorten": null, "Kwalificaties": null, "GegevensOpenbaar": 1}, {"ExtensionData": {}, "ZorgpartijID": 1019260, "Rank": 0, "ZorgpartijType": 3, "AGBCode": null, "Naam": "LEIDS UNIVERSITAIR MEDISCH CENTRUM (LUMC)", "Adres": "Albinusdreef 2", "Postcode": "2333ZA", "Plaats": "LEIDEN", "DatumEinde": null, "Zorgsoorten": null, "Kwalificaties": null, "GegevensOpenbaar": 1}, {"ExtensionData": {}, "ZorgpartijID": 1019261, "Rank": 0, "ZorgpartijType": 3, "AGBCode": null, "Naam": "ERASMUS MEDISCH CENTRUM", "Adres": "Dr. Molewaterplein 40", "Postcode": "3015GD", "Plaats": "ROTTERDAM", "DatumEinde": null, "Zorgsoorten": null, "Kwalificaties": null, "GegevensOpenbaar": 1}, {"ExtensionData": {}, "ZorgpartijID": 1019505, "Rank": 0, "ZorgpartijType": 2, "AGBCode": "06020702", "Naam": "ACADEMISCH MEDISCH CENTRUM", "Adres": "Postbus 22660", "Postcode": "1100DD", "Plaats": "AMSTERDAM", "DatumEinde": null, "Zorgsoorten": null, "Kwalificaties": null, "GegevensOpenbaar": 1}, {"ExtensionData": {}, "ZorgpartijID": 1019507, "Rank": 0, "ZorgpartijType": 2, "AGBCode": "06021101", "Naam": "ACADEMISCH ZIEKENHUIS MAASTRICHT", "Adres": "Postbus 5800", "Postcode": "6202AZ", "Plaats": "MAASTRICHT", "DatumEinde": null, "Zorgsoorten": null, "Kwalificaties": null, "GegevensOpenbaar": 1}, {"ExtensionData": {}, "ZorgpartijID": 1019528, "Rank": 0, "ZorgpartijType": 2, "AGBCode": "06020801", "Naam": "LEIDS UNIVERSITAIR MEDISCH CENTRUM (LUMC)", "Adres": "Postbus 9600", "Postcode": "2300RC", "Plaats": "LEIDEN", "DatumEinde": null, "Zorgsoorten": null, "Kwalificaties": null, "GegevensOpenbaar": 1}, {"ExtensionData": {}, "ZorgpartijID": 1019529, "Rank": 0, "ZorgpartijType": 2, "AGBCode": "06020806", "Naam": "ERASMUS MEDISCH CENTRUM", "Adres": "Postbus 2040", "Postcode": "3000CA", "Plaats": "ROTTERDAM", "DatumEinde": null, "Zorgsoorten": null, "Kwalificaties": null, "GegevensOpenbaar": 1}]