﻿CCS group;CCS group_description;Diagnosis group (Diagnosegroep);Diagnosis group_description (EN);Diagnosegroep_omschrijving (NL);"Aggregate diagnosis group
(Hoofdcluster van diagnosegroepen)";Aggregate diagnosis group_description (EN);Hoofdcluster diagnosegroepen_omschrijving (NL)
1;Tuberculosis;1;Tuberculosis;Tuberculose;1;Infectious and parasitic diseases;Infectieziekten en parasitaire aandoeningen
2;Septicemia (except in labor);2;Septicemia (except in labor);Sepsis (behalve tijdens bevalling) ;1;Infectious and parasitic diseases;Infectieziekten en parasitaire aandoeningen
3;"Bacterial infection; unspecified site";3;"Bacterial infection; unspecified site";"Bacteriële infectie; n.n.g. locatie";1;Infectious and parasitic diseases;Infectieziekten en parasitaire aandoeningen
4;Mycoses;4;Mycoses;Mycose;1;Infectious and parasitic diseases;Infectieziekten en parasitaire aandoeningen
5;HIV infection;5;HIV infection;HIV-infectie;1;Infectious and parasitic diseases;Infectieziekten en parasitaire aandoeningen
6;Hepatitis;6;Hepatitis, viral and other infections;Hepatitis, virale en overige infecties;1;Infectious and parasitic diseases;Infectieziekten en parasitaire aandoeningen
7;Viral infection;6;Hepatitis, viral and other infections;Hepatitis, virale en overige infecties;1;Infectious and parasitic diseases;Infectieziekten en parasitaire aandoeningen
8;"Other infections; including parasitic";6;Hepatitis, viral and other infections;Hepatitis, virale en overige infecties;1;Infectious and parasitic diseases;Infectieziekten en parasitaire aandoeningen
9;Sexually transmitted infections (not HIV or hepatitis);6;Hepatitis, viral and other infections;Hepatitis, virale en overige infecties;1;Infectious and parasitic diseases;Infectieziekten en parasitaire aandoeningen
10;Immunizations and screening for infectious disease;6;Hepatitis, viral and other infections;Hepatitis, virale en overige infecties;1;Infectious and parasitic diseases;Infectieziekten en parasitaire aandoeningen
11;Cancer of head and neck;7;Cancer of head and neck;Hoofd- en halskanker;2;Neoplasms;Nieuwvormingen
12;Cancer of esophagus;8;Cancer of esophagus;Slokdarmkanker ;2;Neoplasms;Nieuwvormingen
13;Cancer of stomach;9;Cancer of stomach;Maagkanker ;2;Neoplasms;Nieuwvormingen
14;Cancer of colon;10;Cancer of colon;Colonkanker ;2;Neoplasms;Nieuwvormingen
15;Cancer of rectum and anus;11;Cancer of rectum and anus;Kanker van rectum en anus ;2;Neoplasms;Nieuwvormingen
16;Cancer of liver and intrahepatic bile duct;12;Cancer of liver and intrahepatic bile duct;Lever- en galwegkanker;2;Neoplasms;Nieuwvormingen
17;Cancer of pancreas;13;Cancer of pancreas;Alvleesklierkanker ;2;Neoplasms;Nieuwvormingen
18;"Cancer of other GI organs; peritoneum";14;"Cancer of other GI organs; peritoneum";Kanker van overige maagdarmorganen en peritoneum;2;Neoplasms;Nieuwvormingen
19;"Cancer of bronchus; lung";15;"Cancer of bronchus; lung";Longkanker en bronchuskanker ;2;Neoplasms;Nieuwvormingen
20;"Cancer; other respiratory and intrathoracic";16;"Cancer; other respiratory and intrathoracic";Overige respiratoire en intrathoracale kanker;2;Neoplasms;Nieuwvormingen
21;Cancer of bone and connective tissue;17;Cancer of bone and connective tissue;Botkanker en bindweefselkanker;2;Neoplasms;Nieuwvormingen
22;Melanomas of skin;18;Melanomas of skin and other non-epithelial cancer of skin;Huidmelanomen en overige non-epitheliale huidkankers;2;Neoplasms;Nieuwvormingen
23;Other non-epithelial cancer of skin;18;Melanomas of skin and other non-epithelial cancer of skin;Huidmelanomen en overige non-epitheliale huidkankers;2;Neoplasms;Nieuwvormingen
24;Cancer of breast;19;Cancer of breast;Borstkanker ;2;Neoplasms;Nieuwvormingen
25;Cancer of uterus;20;Cancer of uterus;Baarmoederkanker;2;Neoplasms;Nieuwvormingen
26;Cancer of cervix;21;Cancer of cervix and other female genital organs;Baarmoederhalskanker en kanker van overige vrouwelijke geslachtsorganen;2;Neoplasms;Nieuwvormingen
28;Cancer of other female genital organs;21;Cancer of cervix and other female genital organs;Baarmoederhalskanker en kanker van overige vrouwelijke geslachtsorganen;2;Neoplasms;Nieuwvormingen
27;Cancer of ovary;22;Cancer of ovary;Eierstokkanker;2;Neoplasms;Nieuwvormingen
29;Cancer of prostate;23;Cancer of prostate;Prostaatkanker ;2;Neoplasms;Nieuwvormingen
30;Cancer of testis;24;Cancer of testis and other male genital organs;Teelbalkanker en kanker van overige mannelijke geslachtsorganen;2;Neoplasms;Nieuwvormingen
31;Cancer of other male genital organs;24;Cancer of testis and other male genital organs;Teelbalkanker en kanker van overige mannelijke geslachtsorganen;2;Neoplasms;Nieuwvormingen
32;Cancer of bladder;25;Cancer of bladder;Blaaskanker ;2;Neoplasms;Nieuwvormingen
33;Cancer of kidney and renal pelvis;26;Cancer of kidney, renal pelvis and other urinary organs;Kanker van nier(-bekken) en overige urine-organen;2;Neoplasms;Nieuwvormingen
34;Cancer of other urinary organs;26;Cancer of kidney, renal pelvis and other urinary organs;Kanker van nier(-bekken) en overige urine-organen;2;Neoplasms;Nieuwvormingen
35;Cancer of brain and nervous system;27;Cancer of brain and nervous system;Kanker van hersenen en zenuwstelsel;2;Neoplasms;Nieuwvormingen
36;Cancer of thyroid;28;Cancer of thyroid;Schildklierkanker;2;Neoplasms;Nieuwvormingen
37;Hodgkin`s disease;29;Hodgkin`s disease;Ziekte van Hodgkin;2;Neoplasms;Nieuwvormingen
38;Non-Hodgkin`s lymphoma;30;Non-Hodgkin`s lymphoma;Non-Hodgkin lymfoom ;2;Neoplasms;Nieuwvormingen
39;Leukemias;31;Leukemias;Leukemie ;2;Neoplasms;Nieuwvormingen
40;Multiple myeloma;32;Multiple myeloma;Multipel myeloom;2;Neoplasms;Nieuwvormingen
41;"Cancer; other and unspecified primary";33;"Cancer; other and unspec. primary; maintenance chemotherapy and radioth.";Overige en n.n.g. primaire kanker, onderhoudschemotherapie en radiotherapie;2;Neoplasms;Nieuwvormingen
45;"Maintenance chemotherapy; radiotherapy";33;"Cancer; other and unspec. primary; maintenance chemotherapy and radioth.";Overige en n.n.g. primaire kanker, onderhoudschemotherapie en radiotherapie;2;Neoplasms;Nieuwvormingen
42;Secondary malignancies;34;Secondary malignancies;Metastasen ;2;Neoplasms;Nieuwvormingen
43;Malignant neoplasm without specification of site;35;Malignant neoplasm without specification of site;Kanker zonder specificatie van lokalisatie;2;Neoplasms;Nieuwvormingen
44;Neoplasms of unspecified nature or uncertain behavior;36;Neoplasms of unspecified nature or uncertain behavior;N.n.g. tumoren of tumoren van onzekere aard;2;Neoplasms;Nieuwvormingen
46;Benign neoplasm of uterus;37;Other and unspecified benign neoplasm;Overige en niet gespecificeerde goedaardige nieuwvormingen;2;Neoplasms;Nieuwvormingen
47;Other and unspecified benign neoplasm;37;Other and unspecified benign neoplasm;Overige en niet gespecificeerde goedaardige nieuwvormingen;2;Neoplasms;Nieuwvormingen
48;Thyroid disorders;38;Thyroid and other endocrine disorders;Schildklier- en overige endocriene aandoeningen;3;Endocrine, nutritional and metabolic diseases, and immunity disorders;Endocriene ziekten, voedings- en stofwisselingsstoornissen en aandoeningen van immuunsysteem
51;Other endocrine disorders;38;Thyroid and other endocrine disorders;Schildklier- en overige endocriene aandoeningen;3;Endocrine, nutritional and metabolic diseases, and immunity disorders;Endocriene ziekten, voedings- en stofwisselingsstoornissen en aandoeningen van immuunsysteem
49;Diabetes mellitus without complication;39;Diabetes mellitus without complication;Diabetes mellitus zonder complicatie;3;Endocrine, nutritional and metabolic diseases, and immunity disorders;Endocriene ziekten, voedings- en stofwisselingsstoornissen en aandoeningen van immuunsysteem
50;Diabetes mellitus with complications;40;Diabetes mellitus with complications;Diabetes mellitus met complicatie ;3;Endocrine, nutritional and metabolic diseases, and immunity disorders;Endocriene ziekten, voedings- en stofwisselingsstoornissen en aandoeningen van immuunsysteem
52;Nutritional deficiencies;41;Nutritional deficiencies and other nutritional, endocrine, and metabolic disorders;Voedingsdeficiënties en ov. voedings-, endocriene- en metabole aandoeningen;3;Endocrine, nutritional and metabolic diseases, and immunity disorders;Endocriene ziekten, voedings- en stofwisselingsstoornissen en aandoeningen van immuunsysteem
53;Disorders of lipid metabolism;41;Nutritional deficiencies and other nutritional, endocrine, and metabolic disorders;Voedingsdeficiënties en ov. voedings-, endocriene- en metabole aandoeningen;3;Endocrine, nutritional and metabolic diseases, and immunity disorders;Endocriene ziekten, voedings- en stofwisselingsstoornissen en aandoeningen van immuunsysteem
58;"Other nutritional; endocrine; and metabolic disorders";41;Nutritional deficiencies and other nutritional, endocrine, and metabolic disorders;Voedingsdeficiënties en ov. voedings-, endocriene- en metabole aandoeningen;3;Endocrine, nutritional and metabolic diseases, and immunity disorders;Endocriene ziekten, voedings- en stofwisselingsstoornissen en aandoeningen van immuunsysteem
55;Fluid and electrolyte disorders;42;Fluid and electrolyte disorders;Aandoeningen van vocht- en elektrolytenhuishouding ;3;Endocrine, nutritional and metabolic diseases, and immunity disorders;Endocriene ziekten, voedings- en stofwisselingsstoornissen en aandoeningen van immuunsysteem
56;Cystic fibrosis;43;Cystic fibrosis;Cystic fibrose;3;Endocrine, nutritional and metabolic diseases, and immunity disorders;Endocriene ziekten, voedings- en stofwisselingsstoornissen en aandoeningen van immuunsysteem
57;Immunity disorders;44;Immunity and coagulation disorders, hemorrhagic disorders;Afweer- en stollingsstoornissen, hemorragische aandoeningen;4;Diseases of the blood and blood-forming organs;Ziekten van bloed en bloedvormende organen
61;Sickle cell anemia;44;Immunity and coagulation disorders, hemorrhagic disorders;Afweer- en stollingsstoornissen, hemorragische aandoeningen;4;Diseases of the blood and blood-forming organs;Ziekten van bloed en bloedvormende organen
62;Coagulation and hemorrhagic disorders;44;Immunity and coagulation disorders, hemorrhagic disorders;Afweer- en stollingsstoornissen, hemorragische aandoeningen;4;Diseases of the blood and blood-forming organs;Ziekten van bloed en bloedvormende organen
64;Other hematologic conditions;44;Immunity and coagulation disorders, hemorrhagic disorders;Afweer- en stollingsstoornissen, hemorragische aandoeningen;4;Diseases of the blood and blood-forming organs;Ziekten van bloed en bloedvormende organen
59;Deficiency and other anemia;45;Deficiency and other anemia;Deficiënties en andere anemie;4;Diseases of the blood and blood-forming organs;Ziekten van bloed en bloedvormende organen
60;Acute posthemorrhagic anemia;45;Deficiency and other anemia;Deficiënties en andere anemie;4;Diseases of the blood and blood-forming organs;Ziekten van bloed en bloedvormende organen
63;Diseases of white blood cells;46;Diseases of white blood cells;Ziekten van witte bloedcellen;4;Diseases of the blood and blood-forming organs;Ziekten van bloed en bloedvormende organen
66;Alcohol-related mental disorders;47;Mental, affective, anxiety, somatoform, dissociative, and personality disorders ;Stemmings-, persoonlijkheids- en afhankelijkheidsstoornissen;5;Mental illness;Psychische stoornissen
67;Substance-related mental disorders;47;Mental, affective, anxiety, somatoform, dissociative, and personality disorders ;Stemmings-, persoonlijkheids- en afhankelijkheidsstoornissen;5;Mental illness;Psychische stoornissen
69;Affective disorders;47;Mental, affective, anxiety, somatoform, dissociative, and personality disorders ;Stemmings-, persoonlijkheids- en afhankelijkheidsstoornissen;5;Mental illness;Psychische stoornissen
72;Anxiety, somatoform, dissociative, and personality disorders;47;Mental, affective, anxiety, somatoform, dissociative, and personality disorders ;Stemmings-, persoonlijkheids- en afhankelijkheidsstoornissen;5;Mental illness;Psychische stoornissen
68;Senility and organic mental disorders;48;Senility and organic mental disorders;Dementie en organische psychische stoornissen;5;Mental illness;Psychische stoornissen
65;Mental retardation;49;Schizophrenia, mental retardation, preadult disorders and other mental cond.;Schizofrenie, gedrags- en ontwikkelingsstoornissen;5;Mental illness;Psychische stoornissen
70;Schizophrenia and related disorders;49;Schizophrenia, mental retardation, preadult disorders and other mental cond.;Schizofrenie, gedrags- en ontwikkelingsstoornissen;5;Mental illness;Psychische stoornissen
73;Preadult disorders;49;Schizophrenia, mental retardation, preadult disorders and other mental cond.;Schizofrenie, gedrags- en ontwikkelingsstoornissen;5;Mental illness;Psychische stoornissen
74;Other mental conditions;49;Schizophrenia, mental retardation, preadult disorders and other mental cond.;Schizofrenie, gedrags- en ontwikkelingsstoornissen;5;Mental illness;Psychische stoornissen
75;Personal history of mental disorder, mental and behavioral problems, observation and screening for mental condition;49;Schizophrenia, mental retardation, preadult disorders and other mental cond.;Schizofrenie, gedrags- en ontwikkelingsstoornissen;5;Mental illness;Psychische stoornissen
71;Other psychoses;50;Other psychoses;Psychosen en overige waanstoornissen;5;Mental illness;Psychische stoornissen
76;Meningitis (except that caused by tuberculosis or sexually transmitted disease);51;Meningitis, encephalitis, and other central nervous system infections;Meningitis, encefalitis en overige infecties van het centrale zenuwstelsel;6;Diseases of the nervous system and sense organs;Ziekten van zenuwstelsel en zintuigen
77;Encephalitis (except that caused by tuberculosis or sexually transmitted disease);51;Meningitis, encephalitis, and other central nervous system infections;Meningitis, encefalitis en overige infecties van het centrale zenuwstelsel;6;Diseases of the nervous system and sense organs;Ziekten van zenuwstelsel en zintuigen
78;Other CNS infection and poliomyelitis;51;Meningitis, encephalitis, and other central nervous system infections;Meningitis, encefalitis en overige infecties van het centrale zenuwstelsel;6;Diseases of the nervous system and sense organs;Ziekten van zenuwstelsel en zintuigen
79;Parkinson`s disease;52;Parkinson`s disease;Ziekte van Parkinson;6;Diseases of the nervous system and sense organs;Ziekten van zenuwstelsel en zintuigen
80;Multiple sclerosis;53;Multiple sclerosis and other degenerative nervous system conditions;Multiple Sclerose en ov. degeneratieve aandoeningen van het zenuwstelsel;6;Diseases of the nervous system and sense organs;Ziekten van zenuwstelsel en zintuigen
81;Other hereditary and degenerative nervous system conditions;53;Multiple sclerosis and other degenerative nervous system conditions;Multiple Sclerose en ov. degeneratieve aandoeningen van het zenuwstelsel;6;Diseases of the nervous system and sense organs;Ziekten van zenuwstelsel en zintuigen
82;Paralysis;54;Paralysis and late effects of cerebrovascular disease;Verlamming en late gevolgen van cerebrovasculaire aandoeningen;6;Diseases of the nervous system and sense organs;Ziekten van zenuwstelsel en zintuigen
113;Late effects of cerebrovascular disease;54;Paralysis and late effects of cerebrovascular disease;Verlamming en late gevolgen van cerebrovasculaire aandoeningen;6;Diseases of the nervous system and sense organs;Ziekten van zenuwstelsel en zintuigen
83;"Epilepsy; convulsions";55;Epilepsy and convulsions;Epilepsie en convulsies;6;Diseases of the nervous system and sense organs;Ziekten van zenuwstelsel en zintuigen
85;"Coma; stupor; and brain damage";56;Coma, stupor, and brain damage;Coma, stupor en hersenbeschadiging ;6;Diseases of the nervous system and sense organs;Ziekten van zenuwstelsel en zintuigen
84;"Headache; including migraine";57;Headache and other disorders of the sense organs;Hoofdpijn en aandoeningen van de zintuigen;6;Diseases of the nervous system and sense organs;Ziekten van zenuwstelsel en zintuigen
86;Cataract;57;Headache and other disorders of the sense organs;Hoofdpijn en aandoeningen van de zintuigen;6;Diseases of the nervous system and sense organs;Ziekten van zenuwstelsel en zintuigen
87;"Retinal detachments; defects; vascular occlusion; and retinopathy";57;Headache and other disorders of the sense organs;Hoofdpijn en aandoeningen van de zintuigen;6;Diseases of the nervous system and sense organs;Ziekten van zenuwstelsel en zintuigen
88;Glaucoma;57;Headache and other disorders of the sense organs;Hoofdpijn en aandoeningen van de zintuigen;6;Diseases of the nervous system and sense organs;Ziekten van zenuwstelsel en zintuigen
89;Blindness and vision defects;57;Headache and other disorders of the sense organs;Hoofdpijn en aandoeningen van de zintuigen;6;Diseases of the nervous system and sense organs;Ziekten van zenuwstelsel en zintuigen
90;"Inflammation; infection of eye (except that caused by tuberculosis or sexually transmitted disease)";57;Headache and other disorders of the sense organs;Hoofdpijn en aandoeningen van de zintuigen;6;Diseases of the nervous system and sense organs;Ziekten van zenuwstelsel en zintuigen
91;Other eye disorders;57;Headache and other disorders of the sense organs;Hoofdpijn en aandoeningen van de zintuigen;6;Diseases of the nervous system and sense organs;Ziekten van zenuwstelsel en zintuigen
92;Otitis media and related conditions;57;Headache and other disorders of the sense organs;Hoofdpijn en aandoeningen van de zintuigen;6;Diseases of the nervous system and sense organs;Ziekten van zenuwstelsel en zintuigen
93;Conditions associated with dizziness or vertigo;57;Headache and other disorders of the sense organs;Hoofdpijn en aandoeningen van de zintuigen;6;Diseases of the nervous system and sense organs;Ziekten van zenuwstelsel en zintuigen
94;Other ear and sense organ disorders;57;Headache and other disorders of the sense organs;Hoofdpijn en aandoeningen van de zintuigen;6;Diseases of the nervous system and sense organs;Ziekten van zenuwstelsel en zintuigen
95;Other nervous system disorders;58;Other nervous system disorders;Overige aandoeningen van het zenuwstelsel;6;Diseases of the nervous system and sense organs;Ziekten van zenuwstelsel en zintuigen
96;Heart valve disorders;59;Heart valve disorders;Hartklepaandoeningen ;7;Diseases of the circulatory system;Ziekten van hart en vaatstelsel
97;"Peri-; endo-; and myocarditis; cardiomyopathy (except that caused by tuberculosis or sexually transmitted disease)";60;Peri-, endo-, myocarditis, and cardiomyopathy;Peri-, endo-, myocarditis en cardiomyopathie;7;Diseases of the circulatory system;Ziekten van hart en vaatstelsel
98;Essential hypertension;61;Essential hypertension, hypertension with compl., and secondary hypertension;"Hypertensie; essentieel, secundair of met complicaties  ";7;Diseases of the circulatory system;Ziekten van hart en vaatstelsel
99;Hypertension with complications and secondary hypertension;61;Essential hypertension, hypertension with compl., and secondary hypertension;"Hypertensie; essentieel, secundair of met complicaties  ";7;Diseases of the circulatory system;Ziekten van hart en vaatstelsel
100;Acute myocardial infarction;62;Acute myocardial infarction;Acuut myocardinfarct ;7;Diseases of the circulatory system;Ziekten van hart en vaatstelsel
101;Coronary atherosclerosis and other heart disease;63;Coronary atherosclerosis and other heart disease;Coronaire atherosclerose en overige hartaandoeningen ;7;Diseases of the circulatory system;Ziekten van hart en vaatstelsel
102;Nonspecific chest pain;64;Nonspecific chest pain;Aspecifieke pijn op de borst;7;Diseases of the circulatory system;Ziekten van hart en vaatstelsel
103;Pulmonary heart disease;65;Pulmonary heart disease;Pulmonale hypertensie ;7;Diseases of the circulatory system;Ziekten van hart en vaatstelsel
104;Other and ill-defined heart disease;66;Other and ill-defined heart disease;Overige en niet nader omschreven hartziekten ;7;Diseases of the circulatory system;Ziekten van hart en vaatstelsel
105;Conduction disorders;67;Conduction disorders (heart disease);Geleidingsstoornissen (hartziekten);7;Diseases of the circulatory system;Ziekten van hart en vaatstelsel
106;Cardiac dysrhythmias;68;Cardiac dysrhythmias;Hartritmestoornissen ;7;Diseases of the circulatory system;Ziekten van hart en vaatstelsel
107;Cardiac arrest and ventricular fibrillation;69;Cardiac arrest and ventricular fibrillation;Hartstilstand en ventrikelfibrilleren ;7;Diseases of the circulatory system;Ziekten van hart en vaatstelsel
108;"Congestive heart failure; nonhypertensive";70;Congestive heart failure, nonhypertensive;Hartfalen, zonder hypertensie ;7;Diseases of the circulatory system;Ziekten van hart en vaatstelsel
109;Acute cerebrovascular disease;71;Acute cerebrovascular disease;Acute cerebrovasculaire aandoening ;7;Diseases of the circulatory system;Ziekten van hart en vaatstelsel
110;Occlusion or stenosis of precerebral arteries;72;Transient cerebral ischemia, and other cerebrovascular disease;TIA en ov. cerebrovasculaire ziekten;7;Diseases of the circulatory system;Ziekten van hart en vaatstelsel
111;Other and ill-defined cerebrovascular disease;72;Transient cerebral ischemia, and other cerebrovascular disease;TIA en ov. cerebrovasculaire ziekten;7;Diseases of the circulatory system;Ziekten van hart en vaatstelsel
112;Transient cerebral ischemia;72;Transient cerebral ischemia, and other cerebrovascular disease;TIA en ov. cerebrovasculaire ziekten;7;Diseases of the circulatory system;Ziekten van hart en vaatstelsel
114;Peripheral and visceral atherosclerosis;73;Peripheral and visceral atherosclerosis;Perifere en viscerale atherosclerose ;7;Diseases of the circulatory system;Ziekten van hart en vaatstelsel
115;"Aortic; peripheral; and visceral artery aneurysms";74;Aortic and other artery aneurysms;Aneurysmata v. aorta en overige arteriën ;7;Diseases of the circulatory system;Ziekten van hart en vaatstelsel
116;Aortic and peripheral arterial embolism or thrombosis;75;Aortic and arterial embolism or thrombosis;Trombose of embolie v. aorta en arteriën ;7;Diseases of the circulatory system;Ziekten van hart en vaatstelsel
117;Other circulatory disease;76;Other circulatory disease;Overige circulatoire aandoeningen ;7;Diseases of the circulatory system;Ziekten van hart en vaatstelsel
118;"Phlebitis; thrombophlebitis and thromboembolism";77;Phlebitis, varicose veins, and hemorrhoids;Flebitis, spataderen en aambeien;7;Diseases of the circulatory system;Ziekten van hart en vaatstelsel
119;Varicose veins of lower extremity;77;Phlebitis, varicose veins, and hemorrhoids;Flebitis, spataderen en aambeien;7;Diseases of the circulatory system;Ziekten van hart en vaatstelsel
120;Hemorrhoids;77;Phlebitis, varicose veins, and hemorrhoids;Flebitis, spataderen en aambeien;7;Diseases of the circulatory system;Ziekten van hart en vaatstelsel
121;Other diseases of veins and lymphatics;77;Phlebitis, varicose veins, and hemorrhoids;Flebitis, spataderen en aambeien;7;Diseases of the circulatory system;Ziekten van hart en vaatstelsel
122;Pneumonia (except that caused by tuberculosis or sexually transmitted disease);78;Pneumonia;Pneumonie;8;Diseases of the respiratory system;Ziekten van ademhalingsstelsel
123;Influenza;79;Influenza;Influenza;8;Diseases of the respiratory system;Ziekten van ademhalingsstelsel
124;Acute and chronic tonsillitis;80;Tonsillitis and upper respiratory infections;Tonsillitis en bovenste luchtweginfecties;8;Diseases of the respiratory system;Ziekten van ademhalingsstelsel
126;Other upper respiratory infections;80;Tonsillitis and upper respiratory infections;Tonsillitis en bovenste luchtweginfecties;8;Diseases of the respiratory system;Ziekten van ademhalingsstelsel
125;Acute bronchitis;81;Acute bronchitis;Acute bronchitis;8;Diseases of the respiratory system;Ziekten van ademhalingsstelsel
127;Chronic obstructive pulmonary disease and bronchiectasis;82;Chronic obstructive pulmonary disease and bronchiectasis;COPD en bronchiëctasie ;8;Diseases of the respiratory system;Ziekten van ademhalingsstelsel
128;Asthma;83;Asthma;Astma;8;Diseases of the respiratory system;Ziekten van ademhalingsstelsel
129;"Aspiration pneumonitis; food/vomitus";84;"Aspiration pneumonitis; food/vomitus";Aspiratiepneumonie door voedsel, braken ;8;Diseases of the respiratory system;Ziekten van ademhalingsstelsel
130;"Pleurisy; pneumothorax; pulmonary collapse";85;"Pleurisy; pneumothorax; pulmonary collapse";Pleuritis, pneumothorax, klaplong ;8;Diseases of the respiratory system;Ziekten van ademhalingsstelsel
131;"Respiratory failure; insufficiency; arrest (adult)";86;"Respiratory failure; insufficiency; arrest";"Respiratoire insufficiëntie; ademhalingsstilstand";8;Diseases of the respiratory system;Ziekten van ademhalingsstelsel
132;Lung disease due to external agents;87;Lung disease due to external agents;Longziekten veroorzaakt door ext. stoffen;8;Diseases of the respiratory system;Ziekten van ademhalingsstelsel
133;Other lower respiratory disease;88;Other lower respiratory disease;Ov. aandoeningen v.d. onderste luchtwegen ;8;Diseases of the respiratory system;Ziekten van ademhalingsstelsel
134;Other upper respiratory disease;89;Other upper respiratory disease;Ov. aandoeningen v.d. bovenste luchtwegen;8;Diseases of the respiratory system;Ziekten van ademhalingsstelsel
135;Intestinal infection;90;Intestinal infection;Intestinale infectie;9;Diseases of the digestive system;Ziekten van spijsverteringsstelsel
136;Disorders of teeth and jaw;91;Disorders of mouth, teeth, and jaw;Aandoeningen v.d. mond, tanden en kaak;9;Diseases of the digestive system;Ziekten van spijsverteringsstelsel
137;"Diseases of mouth; excluding dental";91;Disorders of mouth, teeth, and jaw;Aandoeningen v.d. mond, tanden en kaak;9;Diseases of the digestive system;Ziekten van spijsverteringsstelsel
138;Esophageal disorders;92;Esophageal disorders;Aandoeningen van de slokdarm;9;Diseases of the digestive system;Ziekten van spijsverteringsstelsel
139;Gastroduodenal ulcer (except hemorrhage);93;Gastroduodenal ulcer;Ulcer van maag of duodenum;9;Diseases of the digestive system;Ziekten van spijsverteringsstelsel
140;Gastritis and duodenitis;94;Gastritis, duodenitis, and other disorders of stomach and duodenum;Ontsteking en ov. aand. maag en duodenum;9;Diseases of the digestive system;Ziekten van spijsverteringsstelsel
141;Other disorders of stomach and duodenum;94;Gastritis, duodenitis, and other disorders of stomach and duodenum;Ontsteking en ov. aand. maag en duodenum;9;Diseases of the digestive system;Ziekten van spijsverteringsstelsel
142;Appendicitis and other appendiceal conditions;95;Appendicitis and other appendiceal conditions;Appendicitis en ov. ziekten v. appendix;9;Diseases of the digestive system;Ziekten van spijsverteringsstelsel
148;Peritonitis and intestinal abscess;96;Peritonitis and intestinal abscess;Peritonitis en intestinale abcessen;9;Diseases of the digestive system;Ziekten van spijsverteringsstelsel
143;Abdominal hernia;97;Abdominal hernia;Abdominale hernia;9;Diseases of the digestive system;Ziekten van spijsverteringsstelsel
144;Regional enteritis and ulcerative colitis;98;Regional enteritis and ulcerative colitis;Regionale enteritis en colitis ulcerosa;9;Diseases of the digestive system;Ziekten van spijsverteringsstelsel
145;Intestinal obstruction without hernia;99;Intestinal obstruction without hernia;Darmobstructie zonder hernia ;9;Diseases of the digestive system;Ziekten van spijsverteringsstelsel
146;Diverticulosis and diverticulitis;100;Diverticulosis and diverticulitis;Diverticulose en diverticulitis ;9;Diseases of the digestive system;Ziekten van spijsverteringsstelsel
147;Anal and rectal conditions;101;Anal and rectal conditions;Anale en rectale aandoeningen;9;Diseases of the digestive system;Ziekten van spijsverteringsstelsel
149;Biliary tract disease;102;Biliary tract disease;Galwegaandoeningen ;9;Diseases of the digestive system;Ziekten van spijsverteringsstelsel
150;"Liver disease; alcohol-related";103;"Liver disease; alcohol-related";Leveraandoeningen, alcohol-gerelateerd ;9;Diseases of the digestive system;Ziekten van spijsverteringsstelsel
151;Other liver diseases;104;Other liver diseases;Overige leveraandoeningen ;9;Diseases of the digestive system;Ziekten van spijsverteringsstelsel
152;Pancreatic disorders (not diabetes);105;Pancreatic disorders (not diabetes);Aandoeningen v.d. pancreas (m.u.v. diabetes);9;Diseases of the digestive system;Ziekten van spijsverteringsstelsel
153;Gastrointestinal hemorrhage;106;Gastrointestinal hemorrhage;Gastrointestinale bloeding ;9;Diseases of the digestive system;Ziekten van spijsverteringsstelsel
154;Noninfectious gastroenteritis;107;Noninfectious gastroenteritis;Niet-infectieuze gastro-enteritis;9;Diseases of the digestive system;Ziekten van spijsverteringsstelsel
155;Other gastrointestinal disorders;108;Other gastrointestinal disorders;Overige gastrointestinale aandoeningen ;9;Diseases of the digestive system;Ziekten van spijsverteringsstelsel
156;"Nephritis; nephrosis; renal sclerosis";109;"Nephritis; nephrosis; renal sclerosis";Nefritis, nefrosis, renale sclerose;10;Diseases of the genitourinary system;Ziekten van urogenitaal stelsel
157;Acute and unspecified renal failure;110;Acute and unspecified renal failure;Acuut en niet gespecificeerd nierfalen ;10;Diseases of the genitourinary system;Ziekten van urogenitaal stelsel
158;Chronic kidney disease;111;Chronic kidney disease;Chronische nierziekten;10;Diseases of the genitourinary system;Ziekten van urogenitaal stelsel
159;Urinary tract infections;112;Urinary tract infections;Urineweginfecties ;10;Diseases of the genitourinary system;Ziekten van urogenitaal stelsel
160;Calculus of urinary tract;113;Calculus and other diseases of urinary tract;Steenvorming en overige aandoeningen van urinewegen;10;Diseases of the genitourinary system;Ziekten van urogenitaal stelsel
161;Other diseases of kidney and ureters;113;Calculus and other diseases of urinary tract;Steenvorming en overige aandoeningen van urinewegen;10;Diseases of the genitourinary system;Ziekten van urogenitaal stelsel
162;Other diseases of bladder and urethra;113;Calculus and other diseases of urinary tract;Steenvorming en overige aandoeningen van urinewegen;10;Diseases of the genitourinary system;Ziekten van urogenitaal stelsel
163;Genitourinary symptoms and ill-defined conditions;114;Genitourinary symptoms and ill-defined conditions;Urogenitale symptomen en aandoeningen;10;Diseases of the genitourinary system;Ziekten van urogenitaal stelsel
164;Hyperplasia of prostate;115;Hyperplasia of prostate and other male genital disorders;Prostaathyperplasie en aandoeningen van mannelijke geslachtsorganen;10;Diseases of the genitourinary system;Ziekten van urogenitaal stelsel
165;Inflammatory conditions of male genital organs;115;Hyperplasia of prostate and other male genital disorders;Prostaathyperplasie en aandoeningen van mannelijke geslachtsorganen;10;Diseases of the genitourinary system;Ziekten van urogenitaal stelsel
166;Other male genital disorders;115;Hyperplasia of prostate and other male genital disorders;Prostaathyperplasie en aandoeningen van mannelijke geslachtsorganen;10;Diseases of the genitourinary system;Ziekten van urogenitaal stelsel
167;Nonmalignant breast conditions;116;Nonmalignant breast conditions;Niet-maligne borstaandoeningen;10;Diseases of the genitourinary system;Ziekten van urogenitaal stelsel
168;Inflammatory diseases of female pelvic organs;117;Prolapse and other female genital disorders;Prolaps en ov. aand. van vrouwelijke bekkenorganen;10;Diseases of the genitourinary system;Ziekten van urogenitaal stelsel
169;Endometriosis;117;Prolapse and other female genital disorders;Prolaps en ov. aand. van vrouwelijke bekkenorganen;10;Diseases of the genitourinary system;Ziekten van urogenitaal stelsel
170;Prolapse of female genital organs;117;Prolapse and other female genital disorders;Prolaps en ov. aand. van vrouwelijke bekkenorganen;10;Diseases of the genitourinary system;Ziekten van urogenitaal stelsel
171;Menstrual disorders;117;Prolapse and other female genital disorders;Prolaps en ov. aand. van vrouwelijke bekkenorganen;10;Diseases of the genitourinary system;Ziekten van urogenitaal stelsel
172;Ovarian cyst;117;Prolapse and other female genital disorders;Prolaps en ov. aand. van vrouwelijke bekkenorganen;10;Diseases of the genitourinary system;Ziekten van urogenitaal stelsel
173;Menopausal disorders;117;Prolapse and other female genital disorders;Prolaps en ov. aand. van vrouwelijke bekkenorganen;10;Diseases of the genitourinary system;Ziekten van urogenitaal stelsel
174;Female infertility;117;Prolapse and other female genital disorders;Prolaps en ov. aand. van vrouwelijke bekkenorganen;10;Diseases of the genitourinary system;Ziekten van urogenitaal stelsel
175;Other female genital disorders;117;Prolapse and other female genital disorders;Prolaps en ov. aand. van vrouwelijke bekkenorganen;10;Diseases of the genitourinary system;Ziekten van urogenitaal stelsel
176;Contraceptive and procreative management;118;"Complications of pregnancy, childbirth, and the puerperium; liveborn";"Complicaties zwangerschap, bevalling en kraambed; levendgeborenen";11;"Complications of pregnancy, childbirth, and the puerperium; liveborn";"Complicaties zwangerschap, bevalling en kraambed; levendgeborenen"
177;Spontaneous abortion;118;"Complications of pregnancy, childbirth, and the puerperium; liveborn";"Complicaties zwangerschap, bevalling en kraambed; levendgeborenen";11;"Complications of pregnancy, childbirth, and the puerperium; liveborn";"Complicaties zwangerschap, bevalling en kraambed; levendgeborenen"
178;Induced abortion;118;"Complications of pregnancy, childbirth, and the puerperium; liveborn";"Complicaties zwangerschap, bevalling en kraambed; levendgeborenen";11;"Complications of pregnancy, childbirth, and the puerperium; liveborn";"Complicaties zwangerschap, bevalling en kraambed; levendgeborenen"
179;Postabortion complications;118;"Complications of pregnancy, childbirth, and the puerperium; liveborn";"Complicaties zwangerschap, bevalling en kraambed; levendgeborenen";11;"Complications of pregnancy, childbirth, and the puerperium; liveborn";"Complicaties zwangerschap, bevalling en kraambed; levendgeborenen"
180;Ectopic pregnancy;118;"Complications of pregnancy, childbirth, and the puerperium; liveborn";"Complicaties zwangerschap, bevalling en kraambed; levendgeborenen";11;"Complications of pregnancy, childbirth, and the puerperium; liveborn";"Complicaties zwangerschap, bevalling en kraambed; levendgeborenen"
181;Other complications of pregnancy;118;"Complications of pregnancy, childbirth, and the puerperium; liveborn";"Complicaties zwangerschap, bevalling en kraambed; levendgeborenen";11;"Complications of pregnancy, childbirth, and the puerperium; liveborn";"Complicaties zwangerschap, bevalling en kraambed; levendgeborenen"
182;"Hemorrhage during pregnancy; abruptio placenta; placenta previa";118;"Complications of pregnancy, childbirth, and the puerperium; liveborn";"Complicaties zwangerschap, bevalling en kraambed; levendgeborenen";11;"Complications of pregnancy, childbirth, and the puerperium; liveborn";"Complicaties zwangerschap, bevalling en kraambed; levendgeborenen"
183;"Hypertension complicating pregnancy; childbirth and the puerperium";118;"Complications of pregnancy, childbirth, and the puerperium; liveborn";"Complicaties zwangerschap, bevalling en kraambed; levendgeborenen";11;"Complications of pregnancy, childbirth, and the puerperium; liveborn";"Complicaties zwangerschap, bevalling en kraambed; levendgeborenen"
184;Early or threatened labor;118;"Complications of pregnancy, childbirth, and the puerperium; liveborn";"Complicaties zwangerschap, bevalling en kraambed; levendgeborenen";11;"Complications of pregnancy, childbirth, and the puerperium; liveborn";"Complicaties zwangerschap, bevalling en kraambed; levendgeborenen"
185;Prolonged pregnancy;118;"Complications of pregnancy, childbirth, and the puerperium; liveborn";"Complicaties zwangerschap, bevalling en kraambed; levendgeborenen";11;"Complications of pregnancy, childbirth, and the puerperium; liveborn";"Complicaties zwangerschap, bevalling en kraambed; levendgeborenen"
186;"Diabetes or abnormal glucose tolerance complicating pregnancy; childbirth; or the puerperium";118;"Complications of pregnancy, childbirth, and the puerperium; liveborn";"Complicaties zwangerschap, bevalling en kraambed; levendgeborenen";11;"Complications of pregnancy, childbirth, and the puerperium; liveborn";"Complicaties zwangerschap, bevalling en kraambed; levendgeborenen"
187;"Malposition; malpresentation";118;"Complications of pregnancy, childbirth, and the puerperium; liveborn";"Complicaties zwangerschap, bevalling en kraambed; levendgeborenen";11;"Complications of pregnancy, childbirth, and the puerperium; liveborn";"Complicaties zwangerschap, bevalling en kraambed; levendgeborenen"
188;"Fetopelvic disproportion; obstruction";118;"Complications of pregnancy, childbirth, and the puerperium; liveborn";"Complicaties zwangerschap, bevalling en kraambed; levendgeborenen";11;"Complications of pregnancy, childbirth, and the puerperium; liveborn";"Complicaties zwangerschap, bevalling en kraambed; levendgeborenen"
189;Previous C-section;118;"Complications of pregnancy, childbirth, and the puerperium; liveborn";"Complicaties zwangerschap, bevalling en kraambed; levendgeborenen";11;"Complications of pregnancy, childbirth, and the puerperium; liveborn";"Complicaties zwangerschap, bevalling en kraambed; levendgeborenen"
190;Fetal distress and abnormal forces of labor;118;"Complications of pregnancy, childbirth, and the puerperium; liveborn";"Complicaties zwangerschap, bevalling en kraambed; levendgeborenen";11;"Complications of pregnancy, childbirth, and the puerperium; liveborn";"Complicaties zwangerschap, bevalling en kraambed; levendgeborenen"
191;Polyhydramnios and other problems of amniotic cavity;118;"Complications of pregnancy, childbirth, and the puerperium; liveborn";"Complicaties zwangerschap, bevalling en kraambed; levendgeborenen";11;"Complications of pregnancy, childbirth, and the puerperium; liveborn";"Complicaties zwangerschap, bevalling en kraambed; levendgeborenen"
192;Umbilical cord complication;118;"Complications of pregnancy, childbirth, and the puerperium; liveborn";"Complicaties zwangerschap, bevalling en kraambed; levendgeborenen";11;"Complications of pregnancy, childbirth, and the puerperium; liveborn";"Complicaties zwangerschap, bevalling en kraambed; levendgeborenen"
193;OB-related trauma to perineum and vulva;118;"Complications of pregnancy, childbirth, and the puerperium; liveborn";"Complicaties zwangerschap, bevalling en kraambed; levendgeborenen";11;"Complications of pregnancy, childbirth, and the puerperium; liveborn";"Complicaties zwangerschap, bevalling en kraambed; levendgeborenen"
194;Forceps delivery;118;"Complications of pregnancy, childbirth, and the puerperium; liveborn";"Complicaties zwangerschap, bevalling en kraambed; levendgeborenen";11;"Complications of pregnancy, childbirth, and the puerperium; liveborn";"Complicaties zwangerschap, bevalling en kraambed; levendgeborenen"
195;"Other complications of birth; puerperium affecting management of mother";118;"Complications of pregnancy, childbirth, and the puerperium; liveborn";"Complicaties zwangerschap, bevalling en kraambed; levendgeborenen";11;"Complications of pregnancy, childbirth, and the puerperium; liveborn";"Complicaties zwangerschap, bevalling en kraambed; levendgeborenen"
196;Normal pregnancy and/or delivery;118;"Complications of pregnancy, childbirth, and the puerperium; liveborn";"Complicaties zwangerschap, bevalling en kraambed; levendgeborenen";11;"Complications of pregnancy, childbirth, and the puerperium; liveborn";"Complicaties zwangerschap, bevalling en kraambed; levendgeborenen"
218;Liveborn;118;"Complications of pregnancy, childbirth, and the puerperium; liveborn";"Complicaties zwangerschap, bevalling en kraambed; levendgeborenen";11;"Complications of pregnancy, childbirth, and the puerperium; liveborn";"Complicaties zwangerschap, bevalling en kraambed; levendgeborenen"
197;Skin and subcutaneous tissue infections;119;Skin and subcutaneous tissue infections;Infecties v.d. huid en onderhuids bindw.;12;Diseases of the skin and subcutaneous tissue;Ziekten van huid en onderhuids bindweefsel
198;Other inflammatory condition of skin;120;Other skin disorders, chronic ulcer of skin;Overige huidaandoeningen, chronische ulcera;12;Diseases of the skin and subcutaneous tissue;Ziekten van huid en onderhuids bindweefsel
199;Chronic ulcer of skin;120;Other skin disorders, chronic ulcer of skin;Overige huidaandoeningen, chronische ulcera;12;Diseases of the skin and subcutaneous tissue;Ziekten van huid en onderhuids bindweefsel
200;Other skin disorders;120;Other skin disorders, chronic ulcer of skin;Overige huidaandoeningen, chronische ulcera;12;Diseases of the skin and subcutaneous tissue;Ziekten van huid en onderhuids bindweefsel
201;Infective arthritis and osteomyelitis (except that caused by tuberculosis or sexually transmitted disease);121;Infective arthritis and osteomyelitis;Infectieuze artritis en osteomyelitis;13;Diseases of the musculoskeletal system and connective tissue;Ziekten van botten, spieren en bindweefsel
54;Gout and other crystal arthropathies;122;Osteoarthritis, rheumatoid arthritis, and other musculoskeletal deformities;Osteoartritis, reumatoïde artritis en overige misvormingen van het bewegingsapparaat;13;Diseases of the musculoskeletal system and connective tissue;Ziekten van botten, spieren en bindweefsel
202;Rheumatoid arthritis and related disease;122;Osteoarthritis, rheumatoid arthritis, and other musculoskeletal deformities;Osteoartritis, reumatoïde artritis en overige misvormingen van het bewegingsapparaat;13;Diseases of the musculoskeletal system and connective tissue;Ziekten van botten, spieren en bindweefsel
203;Osteoarthritis;122;Osteoarthritis, rheumatoid arthritis, and other musculoskeletal deformities;Osteoartritis, reumatoïde artritis en overige misvormingen van het bewegingsapparaat;13;Diseases of the musculoskeletal system and connective tissue;Ziekten van botten, spieren en bindweefsel
208;Acquired foot deformities;122;Osteoarthritis, rheumatoid arthritis, and other musculoskeletal deformities;Osteoartritis, reumatoïde artritis en overige misvormingen van het bewegingsapparaat;13;Diseases of the musculoskeletal system and connective tissue;Ziekten van botten, spieren en bindweefsel
209;Other acquired deformities;122;Osteoarthritis, rheumatoid arthritis, and other musculoskeletal deformities;Osteoartritis, reumatoïde artritis en overige misvormingen van het bewegingsapparaat;13;Diseases of the musculoskeletal system and connective tissue;Ziekten van botten, spieren en bindweefsel
210;Systemic lupus erythematosus and connective tissue disorders;122;Osteoarthritis, rheumatoid arthritis, and other musculoskeletal deformities;Osteoartritis, reumatoïde artritis en overige misvormingen van het bewegingsapparaat;13;Diseases of the musculoskeletal system and connective tissue;Ziekten van botten, spieren en bindweefsel
212;Other bone disease and musculoskeletal deformities;122;Osteoarthritis, rheumatoid arthritis, and other musculoskeletal deformities;Osteoartritis, reumatoïde artritis en overige misvormingen van het bewegingsapparaat;13;Diseases of the musculoskeletal system and connective tissue;Ziekten van botten, spieren en bindweefsel
204;Other non-traumatic joint disorders;123;Other non-traumatic joint disorders;Ov. niet-traumat. gewrichtsaandoeningen;13;Diseases of the musculoskeletal system and connective tissue;Ziekten van botten, spieren en bindweefsel
205;"Spondylosis; intervertebral disc disorders; other back problems";124;Spondylosis, back problems, and osteoporosis;Spondylitis, rugaand. en osteoporose;13;Diseases of the musculoskeletal system and connective tissue;Ziekten van botten, spieren en bindweefsel
206;Osteoporosis;124;Spondylosis, back problems, and osteoporosis;Spondylitis, rugaand. en osteoporose;13;Diseases of the musculoskeletal system and connective tissue;Ziekten van botten, spieren en bindweefsel
207;Pathological fracture;125;Pathological fracture;Pathologische fractuur;13;Diseases of the musculoskeletal system and connective tissue;Ziekten van botten, spieren en bindweefsel
211;Other connective tissue disease;126;Other connective tissue disease;Overige bindweefselziekten;13;Diseases of the musculoskeletal system and connective tissue;Ziekten van botten, spieren en bindweefsel
213;Cardiac and circulatory congenital anomalies;127;Cardiac and circulatory congenital anomalies;Cardiovasculaire aangeboren afwijkingen;14;Congenital anomalies;Congenitale afwijkingen
214;Digestive congenital anomalies;128;Noncardiac congenital anomalies;Niet-cardiovasculaire aangeboren afwijkingen;14;Congenital anomalies;Congenitale afwijkingen
215;Genitourinary congenital anomalies;128;Noncardiac congenital anomalies;Niet-cardiovasculaire aangeboren afwijkingen;14;Congenital anomalies;Congenitale afwijkingen
216;Nervous system congenital anomalies;128;Noncardiac congenital anomalies;Niet-cardiovasculaire aangeboren afwijkingen;14;Congenital anomalies;Congenitale afwijkingen
217;Other congenital anomalies;128;Noncardiac congenital anomalies;Niet-cardiovasculaire aangeboren afwijkingen;14;Congenital anomalies;Congenitale afwijkingen
219;"Short gestation; low birth weight; and fetal growth retardation";129;"Short gestation; low birth weight; and fetal growth retardation";"Prematuriteit; laag geboortegewicht";15;Certain conditions originating in the perinatal period;Aandoeningen ontstaan in perinatale periode
220;Intrauterine hypoxia and birth asphyxia;130;Intrauterine hypoxia, perinatal asphyxia, and jaundice;Intra-uteriene hypoxie, perinatale asfyxie en geelzucht;15;Certain conditions originating in the perinatal period;Aandoeningen ontstaan in perinatale periode
221;Respiratory distress syndrome;130;Intrauterine hypoxia, perinatal asphyxia, and jaundice;Intra-uteriene hypoxie, perinatale asfyxie en geelzucht;15;Certain conditions originating in the perinatal period;Aandoeningen ontstaan in perinatale periode
222;Hemolytic jaundice and perinatal jaundice;130;Intrauterine hypoxia, perinatal asphyxia, and jaundice;Intra-uteriene hypoxie, perinatale asfyxie en geelzucht;15;Certain conditions originating in the perinatal period;Aandoeningen ontstaan in perinatale periode
223;Birth trauma;130;Intrauterine hypoxia, perinatal asphyxia, and jaundice;Intra-uteriene hypoxie, perinatale asfyxie en geelzucht;15;Certain conditions originating in the perinatal period;Aandoeningen ontstaan in perinatale periode
224;Other perinatal conditions;131;Other perinatal conditions;Overige perinatale aandoeningen;15;Certain conditions originating in the perinatal period;Aandoeningen ontstaan in perinatale periode
225;"Joint disorders and dislocations; trauma-related";132;"Joint disorders and dislocations; trauma-related; sprains and strains";Gewrichtsletsel door trauma ;16;Injury and poisoning;Letsel en vergiftiging
232;Sprains and strains;132;"Joint disorders and dislocations; trauma-related; sprains and strains";Gewrichtsletsel door trauma ;16;Injury and poisoning;Letsel en vergiftiging
226;Fracture of neck of femur (hip);133;Fracture of neck of femur (hip);Heupfractuur ;16;Injury and poisoning;Letsel en vergiftiging
227;Spinal cord injury;134;Skull and face fractures, spinal cord injury;Schedelfracturen en ruggenmergletsel;16;Injury and poisoning;Letsel en vergiftiging
228;Skull and face fractures;134;Skull and face fractures, spinal cord injury;Schedelfracturen en ruggenmergletsel;16;Injury and poisoning;Letsel en vergiftiging
229;Fracture of upper limb;135;Fracture of upper limb;Fractuur van de bovenste ledematen;16;Injury and poisoning;Letsel en vergiftiging
230;Fracture of lower limb;136;Fracture of lower limb;Fractuur van de onderste ledematen;16;Injury and poisoning;Letsel en vergiftiging
231;Other fractures;137;Other fractures;Overige fracturen;16;Injury and poisoning;Letsel en vergiftiging
233;Intracranial injury;138;Intracranial injury;Intracraniaal letsel;16;Injury and poisoning;Letsel en vergiftiging
234;Crushing injury or internal injury;139;Crushing injury or internal injury;Crush-letsels of inwendige verwondingen;16;Injury and poisoning;Letsel en vergiftiging
235;"Open wounds of head; neck; and trunk";140;"Open wounds of head; neck; and trunk";Open wonden van hoofd, nek en romp;16;Injury and poisoning;Letsel en vergiftiging
236;Open wounds of extremities;141;Open wounds of extremities;Open wonden van de extremiteiten;16;Injury and poisoning;Letsel en vergiftiging
237;"Complication of device; implant or graft";142;Complication of device, implant or graft;Complicatie v. hulpmiddelen, impl. of transpl. ;16;Injury and poisoning;Letsel en vergiftiging
238;Complications of surgical procedures or medical care;143;Complications of surgical procedures or medical care;Complicatie v. chir. procedure of med. zorg ;16;Injury and poisoning;Letsel en vergiftiging
239;"Superficial injury; contusion";144;"Superficial injury; contusion";Oppervlakkige verwonding en kneuzing;16;Injury and poisoning;Letsel en vergiftiging
240;Burns;145;Burns;Brandwonden;16;Injury and poisoning;Letsel en vergiftiging
241;Poisoning by psychotropic agents;146;Poisoning by psychotropic agents, drugs, or other medications;Vergiftiging door psychofarmaca, drugs of overige medicatie;16;Injury and poisoning;Letsel en vergiftiging
242;Poisoning by other medications and drugs;146;Poisoning by psychotropic agents, drugs, or other medications;Vergiftiging door psychofarmaca, drugs of overige medicatie;16;Injury and poisoning;Letsel en vergiftiging
243;Poisoning by nonmedicinal substances;146;Poisoning by psychotropic agents, drugs, or other medications;Vergiftiging door psychofarmaca, drugs of overige medicatie;16;Injury and poisoning;Letsel en vergiftiging
244;Other injuries and conditions due to external causes;147;Other injuries and conditions due to external causes;Ov. letsels en aand. door externe oorzaken;16;Injury and poisoning;Letsel en vergiftiging
245;Syncope;148;Syncope;Syncope;17;"Symptoms; signs; and ill-defined conditions and factors influencing health status";"Symptomen; klachten; niet nader omschreven en overige aandoeningen en factoren die de gezondheid beïnvloeden"
246;Fever of unknown origin;149;Fever of unknown origin;Koorts met onbekende oorzaak;17;"Symptoms; signs; and ill-defined conditions and factors influencing health status";"Symptomen; klachten; niet nader omschreven en overige aandoeningen en factoren die de gezondheid beïnvloeden"
247;Lymphadenitis;150;Lymphadenitis and gangrene;Lymfadenitis en gangreen;17;"Symptoms; signs; and ill-defined conditions and factors influencing health status";"Symptomen; klachten; niet nader omschreven en overige aandoeningen en factoren die de gezondheid beïnvloeden"
248;Gangrene;150;Lymphadenitis and gangrene;Lymfadenitis en gangreen;17;"Symptoms; signs; and ill-defined conditions and factors influencing health status";"Symptomen; klachten; niet nader omschreven en overige aandoeningen en factoren die de gezondheid beïnvloeden"
249;Shock;151;Shock;Shock ;17;"Symptoms; signs; and ill-defined conditions and factors influencing health status";"Symptomen; klachten; niet nader omschreven en overige aandoeningen en factoren die de gezondheid beïnvloeden"
250;Nausea and vomiting;152;Nausea and vomiting;Misselijkheid en braken;17;"Symptoms; signs; and ill-defined conditions and factors influencing health status";"Symptomen; klachten; niet nader omschreven en overige aandoeningen en factoren die de gezondheid beïnvloeden"
251;Abdominal pain;153;Abdominal pain;Buikpijn;17;"Symptoms; signs; and ill-defined conditions and factors influencing health status";"Symptomen; klachten; niet nader omschreven en overige aandoeningen en factoren die de gezondheid beïnvloeden"
252;Malaise and fatigue;154;Malaise and fatigue;Malaise en vermoeidheid;17;"Symptoms; signs; and ill-defined conditions and factors influencing health status";"Symptomen; klachten; niet nader omschreven en overige aandoeningen en factoren die de gezondheid beïnvloeden"
253;Allergic reactions;155;Allergic reactions;Allergische reacties;17;"Symptoms; signs; and ill-defined conditions and factors influencing health status";"Symptomen; klachten; niet nader omschreven en overige aandoeningen en factoren die de gezondheid beïnvloeden"
254;"Rehabilitation care; fitting of prostheses; and adjustment of devices";156;Rehabilitation and other aftercare, medical examination/evaluation/screening;Nazorg, revalidatiezorg, screening en onderzoek;17;"Symptoms; signs; and ill-defined conditions and factors influencing health status";"Symptomen; klachten; niet nader omschreven en overige aandoeningen en factoren die de gezondheid beïnvloeden"
255;Administrative/social admission;156;Rehabilitation and other aftercare, medical examination/evaluation/screening;Nazorg, revalidatiezorg, screening en onderzoek;17;"Symptoms; signs; and ill-defined conditions and factors influencing health status";"Symptomen; klachten; niet nader omschreven en overige aandoeningen en factoren die de gezondheid beïnvloeden"
256;Medical examination/evaluation;156;Rehabilitation and other aftercare, medical examination/evaluation/screening;Nazorg, revalidatiezorg, screening en onderzoek;17;"Symptoms; signs; and ill-defined conditions and factors influencing health status";"Symptomen; klachten; niet nader omschreven en overige aandoeningen en factoren die de gezondheid beïnvloeden"
257;Other aftercare;156;Rehabilitation and other aftercare, medical examination/evaluation/screening;Nazorg, revalidatiezorg, screening en onderzoek;17;"Symptoms; signs; and ill-defined conditions and factors influencing health status";"Symptomen; klachten; niet nader omschreven en overige aandoeningen en factoren die de gezondheid beïnvloeden"
258;Other screening for suspected conditions (not mental disorders or infectious diease);156;Rehabilitation and other aftercare, medical examination/evaluation/screening;Nazorg, revalidatiezorg, screening en onderzoek;17;"Symptoms; signs; and ill-defined conditions and factors influencing health status";"Symptomen; klachten; niet nader omschreven en overige aandoeningen en factoren die de gezondheid beïnvloeden"
259;"Residual codes; unclassified";157;"Residual codes; unclassified";"Overige codes; niet ingedeeld";17;"Symptoms; signs; and ill-defined conditions and factors influencing health status";"Symptomen; klachten; niet nader omschreven en overige aandoeningen en factoren die de gezondheid beïnvloeden"